행정동,경도,위도
돈암1동,127.03000231200001,37.613765142
돈암1동,127.0216800673,37.5988124984
돈암1동,127.0180870417,37.5937751071
돈암1동,127.0287005024,37.6197095673
돈암1동,127.0241845482,37.6036093788
돈암1동,127.02823204799999,37.6068897684
돈암1동,127.0147214546,37.6035333244
돈암1동,127.0331233065,37.6014694388
돈암1동,127.0342434232,37.5992522052
돈암1동,127.0214008015,37.6181055358
돈암1동,127.01440939129999,37.5906588219
돈암1동,127.0092102337,37.5898834226
돈암1동,127.019299,37.585282
돈암1동,127.0173202731,37.5882905568
돈암1동,127.00984891700001,37.6084714968
돈암1동,127.0114514047,37.605178794000004
돈암1동,127.0367938167,37.5888049152
돈암1동,127.023933,37.601972
돈암1동,127.0313059234,37.6059147758
돈암1동,127.00844521129999,37.61157851
돈암1동,127.02854238360001,37.6171719852
돈암1동,127.0252509718,37.6181643071
돈암1동,127.0357831859,37.5948209235
돈암1동,127.0316635859,37.5851062255
돈암1동,127.03605235549999,37.594378876
돈암1동,127.0162659964,37.593399898
돈암1동,127.0076356941,37.605823975700005
돈암1동,127.019175285,37.602358249
돈암1동,127.011024,37.604761
돈암1동,127.0316605575,37.6164471234
돈암1동,127.0321633111,37.6100659535
돈암1동,127.0347492384,37.5881642203
돈암1동,127.0150321421,37.5968524981
돈암1동,127.0353400807,37.6105762289
돈암1동,127.0366654139,37.6066346712
돈암1동,127.013771643,37.6006378138
돈암1동,127.02209415889999,37.6154581102
돈암1동,127.0220826076,37.6115374602
돈암1동,127.0233780096,37.6078573327
돈암1동,127.03608017559999,37.612149839000004
돈암1동,127.03578315909999,37.6118940155
돈암1동,127.04048906530001,37.614406225399996
돈암1동,127.0263858735,37.6038916874
돈암1동,127.0349190878,37.588491248400004
돈암1동,127.0374580008,37.6041484498
돈암1동,127.0351662979,37.6028019378
돈암1동,127.0244725057,37.6020310968
돈암1동,127.0378313277,37.5875196731
돈암1동,127.0180402287,37.602794832
돈암1동,127.042305076,37.602843959299996
돈암1동,127.0254858421,37.5863118607
돈암1동,127.0223717498,37.5862576795
돈암1동,127.0080361564,37.6123208475
돈암1동,127.01342079690001,37.6025035348
돈암1동,127.0165522454,37.592004085700005
돈암1동,127.008269487,37.6120632959
돈암1동,127.0293074582,37.607859421
돈암1동,127.030862,37.614651
돈암1동,127.0326975602,37.6115440433
돈암1동,127.00940617180001,37.6002355214
돈암1동,127.0321966828,37.6099865112
돈암1동,127.03571504840001,37.6094604036
돈암1동,127.03927669030001,37.6024463392
돈암1동,127.03591551379999,37.6091337935
돈암1동,127.00509799790001,37.6103867411
돈암1동,127.0447746193,37.6043772721
돈암1동,127.0070863613,37.61276533
돈암1동,127.0301831322,37.6140773192
돈암1동,127.04005858299999,37.591208084899996
돈암1동,127.030547612,37.6129620654
돈암1동,127.03807107639999,37.6136824773
돈암1동,127.03899005790001,37.6137718421
돈암1동,127.0042672309,37.608241522600004
돈암1동,127.04649854600001,37.605375272399996
돈암1동,127.03052261159999,37.5862555167
돈암1동,127.04273806190001,37.6030780961
돈암1동,127.0235057881,37.6030985781
돈암1동,127.0194880842,37.6023644981
돈암1동,127.0152998,37.6174684642
돈암1동,127.01671826319999,37.6162550159
돈암1동,127.01860967340001,37.6164162425
돈암1동,127.0346057144,37.6165921427
돈암1동,127.0305479083,37.6128764327
돈암1동,127.00553594799999,37.599333059
돈암1동,127.01432273350001,37.5984416956
돈암1동,127.0120109216,37.615058271799995
돈암1동,127.0134058924,37.6115257954
돈암1동,127.0144264523,37.6104681845
돈암1동,127.01536212200001,37.609173487
돈암1동,127.01570275590001,37.6074073686
돈암1동,127.03344092270001,37.616113815700004
돈암1동,127.0181948129,37.6110121224
돈암1동,127.02977407639999,37.597794590599996
돈암1동,127.0310132998,37.5980223432
돈암1동,127.0319598554,37.5978402676
돈암1동,127.038206836,37.6137042583
돈암1동,127.03750961450001,37.6020920985
돈암1동,127.0312411151,37.603735216
돈암1동,127.01216824870001,37.5911842633
돈암1동,127.0214110328,37.6144430313
돈암1동,127.0341744435,37.6133294336
돈암1동,127.00642200280001,37.599207759
돈암1동,127.0074274642,37.5988103839
돈암1동,127.02223867120001,37.5890185186
돈암1동,127.02318954389999,37.587368827199995
돈암1동,127.03499141360001,37.5865296032
돈암1동,127.029078898,37.6075628915
돈암1동,127.00591104959999,37.6111858523
돈암1동,127.0222895034,37.6051311138
돈암1동,127.0392563635,37.6043332529
돈암1동,127.04433853530001,37.6053405371
돈암1동,127.0303711382,37.6022362392
돈암1동,127.03027915979999,37.586308578600004
돈암1동,127.00394918719999,37.5989852126
돈암1동,127.012160669,37.6014855453
돈암1동,127.0137069684,37.6012699861
돈암1동,127.01757915469999,37.5898198233
돈암1동,127.01948329700001,37.5892166624
돈암1동,127.0130490024,37.6129626731
돈암1동,127.0149146547,37.606299529699996
돈암1동,127.0151429326,37.6064926321
돈암1동,127.0131908925,37.6129217648
돈암1동,127.0407965137,37.595480611999996
돈암1동,127.0373626297,37.5866105168
돈암1동,127.0293967464,37.58582831
돈암1동,127.0378623074,37.6137607716
돈암1동,127.0380219999,37.6150510498
돈암1동,127.0332567789,37.6187106157
돈암1동,127.0339622827,37.616613030500005
돈암1동,127.0303895711,37.610186309899994
돈암1동,127.0085319579,37.5943480695
돈암1동,127.009234,37.59559
돈암1동,127.01052750790001,37.596351596
돈암1동,127.00971954270001,37.5939294529
돈암1동,127.008891263,37.5925579825
돈암1동,127.0082743749,37.592186952199995
돈암1동,127.0092237447,37.5897138755
돈암1동,127.02007564440001,37.5893166327
돈암1동,127.0234283859,37.586931483600004
돈암1동,127.02716352,37.5861588723
돈암1동,127.01091071219999,37.6026707217
돈암1동,127.00947541059999,37.603404746799995
돈암1동,127.0087128442,37.6042885945
돈암1동,127.0082054457,37.6038821881
돈암1동,127.00732,37.60941500000001
돈암1동,127.0078481164,37.6086927963
돈암1동,127.02440994530001,37.6021161286
돈암1동,127.01646,37.614102
돈암1동,127.0168111852,37.61295376
돈암1동,127.01767827540002,37.6119803839
돈암1동,127.0244781378,37.6040863088
돈암1동,127.0222388759,37.605542572800005
돈암1동,127.0218264822,37.6065358061
돈암1동,127.02067186129999,37.608688594
돈암1동,127.0198021041,37.609949151799995
돈암1동,127.0176418276,37.6122787391
돈암1동,127.0168475394,37.6130268349
돈암1동,127.0403773164,37.6059432979
돈암1동,127.03436159620001,37.6130464866
돈암1동,127.0378041515,37.6038808662
돈암1동,127.04266879040001,37.6041718432
돈암1동,127.04539737120001,37.6061943161
돈암1동,127.04610040790001,37.6068995239
돈암1동,127.0470940841,37.6076246562
돈암1동,127.0414490129,37.6143145571
돈암1동,127.027734564,37.5986529826
돈암1동,127.029295215,37.5990469862
돈암1동,127.03277588469999,37.5978918664
돈암1동,127.02941447020001,37.599056513200004
돈암1동,127.0293680009,37.5995709964
돈암1동,127.03640570110001,37.5904817435
돈암1동,127.03302543950001,37.591343276399996
돈암1동,127.03059602469999,37.5912416325
돈암1동,127.0278120945,37.5929943865
돈암1동,127.0264506182,37.5945492086
돈암1동,127.0248907301,37.5941666526
돈암1동,127.02344895479999,37.5951255416
돈암1동,127.0202793485,37.5985379872
돈암1동,127.01520202180001,37.6005835135
돈암1동,127.0348732051,37.5932897753
돈암1동,127.0344722431,37.5943773571
돈암1동,127.0343717911,37.5954237759
돈암1동,127.0335149865,37.5960430546
돈암1동,127.0326200918,37.5969024606
돈암1동,127.0329873748,37.5977457704
돈암1동,127.0287769924,37.6013637687
돈암1동,127.02976171729999,37.6017962657
돈암1동,127.0309588034,37.6026150736
돈암1동,127.0113713292,37.6024229671
돈암1동,127.0113455978,37.6016021558
돈암1동,127.0111685963,37.6000942382
돈암1동,127.01128909639999,37.5989738537
돈암1동,127.0126764676,37.5968797492
돈암1동,127.03344679700001,37.6160637895
돈암1동,127.0062853399,37.5965909892
돈암1동,127.00927971649999,37.5994696594
돈암1동,127.00571051979999,37.5976105179
돈암1동,127.0328803629,37.6092867313
돈암1동,127.0345078006,37.6064757542
돈암1동,127.0360628034,37.604553533600004
돈암1동,127.0433257276,37.6018387668
돈암1동,127.042078554,37.5972359828
돈암1동,127.0412654657,37.5975815105
돈암1동,127.0411526517,37.5999329183
돈암1동,127.038032244,37.615850387399995
돈암1동,127.03719193709999,37.6160925583
돈암1동,127.03714000049999,37.6154856509
돈암1동,127.0371286153,37.6147442136
돈암1동,127.0371149982,37.613977243499995
돈암1동,127.0099708717,37.5964074304
돈암1동,127.0106213583,37.5948653958
돈암1동,127.01159153399999,37.5887041426
돈암1동,127.01468896639999,37.5896811242
돈암1동,127.0124165365,37.591503419
돈암1동,127.01030751729999,37.5903966753
돈암1동,127.01043480889999,37.5944960762
돈암1동,127.01072141709999,37.5954940107
돈암1동,127.00960845200001,37.5964989262
돈암1동,127.00900982559999,37.5962156497
돈암1동,127.008330156,37.5935898735
돈암1동,127.01006030389999,37.5888242053
돈암1동,127.0135507441,37.5913543606
돈암1동,127.0175922891,37.5878057782
돈암1동,127.01491008379999,37.5870263886
돈암1동,127.0138717308,37.5863750379
돈암1동,127.0164897918,37.5922969323
돈암1동,127.019767711,37.590763709
돈암1동,127.025052,37.58619
돈암1동,127.0322853421,37.5863099908
돈암1동,127.0077703242,37.603465096
돈암1동,127.0059255144,37.6095092124
돈암1동,127.0097499347,37.6084222209
돈암1동,127.0101608358,37.612950043400005
돈암1동,127.0091623713,37.611364650300004
돈암1동,127.00932815360001,37.6113721233
돈암1동,127.0217734923,37.6063491312
돈암1동,127.022710192,37.603298978699996
돈암1동,127.0199167441,37.610864269000004
돈암1동,127.0216692308,37.6111358988
돈암1동,127.0226541291,37.61139247
돈암1동,127.0238893314,37.611830875100004
돈암1동,127.0255438133,37.6120014598
돈암1동,127.02749939600001,37.612526556700004
돈암1동,127.02790417540001,37.6066058367
돈암1동,127.0405848691,37.6119173238
돈암1동,127.0404052229,37.6110199223
돈암1동,127.0394407938,37.6086600452
돈암1동,127.0403956785,37.6074502135
돈암1동,127.04103085889999,37.6074568456
돈암1동,127.040829,37.606631
돈암1동,127.046122715,37.6091149077
돈암1동,127.0439306201,37.6122197761
돈암1동,127.04304498100001,37.6116020139
돈암1동,127.0414159794,37.612020549
돈암1동,127.0423605951,37.6043556295
돈암1동,127.0412407894,37.6058750873
돈암1동,127.038847725,37.6051689886
돈암1동,127.0272380045,37.598554999099996
돈암1동,127.0292557324,37.5995373531
돈암1동,127.0329896615,37.5995460625
돈암1동,127.03439688559999,37.5988968173
돈암1동,127.03590656860001,37.5943112702
돈암1동,127.035660064,37.59252221
돈암1동,127.0220148498,37.5975731779
돈암1동,127.01701314040001,37.5997824966
돈암1동,127.01644973180001,37.6000578418
돈암1동,127.0356957883,37.5924635577
돈암1동,127.0271372049,37.6040364347
돈암1동,127.0275831575,37.606174443200004
돈암1동,127.03128823530001,37.605972660300004
돈암1동,127.0291524123,37.599641895
돈암1동,127.00967878639999,37.6015915007
돈암1동,127.0108091314,37.6022060325
돈암1동,127.0109382013,37.5975712004
돈암1동,127.0140889716,37.5965353967
돈암1동,127.0144182606,37.5968080732
돈암1동,127.01099218959999,37.597785367
돈암1동,127.01140089340001,37.5994414057
돈암1동,127.0107041533,37.6024566506
망우3동,127.0955472426,37.59886935
망우3동,127.09112824879999,37.5978570858
망우3동,127.10710265649999,37.6038223574
망우3동,127.08373772690001,37.595973357300004
망우3동,127.08773765149999,37.5808204757
망우3동,127.0848414888,37.5810520374
망우3동,127.0920296352,37.5893561893
망우3동,127.0883511907,37.5884305722
망우3동,127.0955183607,37.6039650362
망우3동,127.09525,37.605508
망우3동,127.0971320519,37.5994814989
망우3동,127.10106548600001,37.6105368364
망우3동,127.0990469452,37.5996490586
망우3동,127.1003289798,37.601082991700004
망우3동,127.096076241,37.6022264045
망우3동,127.086021964,37.5942111348
망우3동,127.0880181675,37.6032055994
망우3동,127.0901557798,37.6040803885
망우3동,127.0913576132,37.6048532335
망우3동,127.09359720440001,37.6062581902
망우3동,127.0885263319,37.581214688
망우3동,127.0956361212,37.609120465
망우3동,127.08110272889999,37.586933746199996
망우3동,127.0867729193,37.5913176907
망우3동,127.088105612,37.5865163147
망우3동,127.0883594934,37.5848547946
망우3동,127.088507,37.582642
망우3동,127.0952217029,37.607615246
망우3동,127.09604461020001,37.6096940571
망우3동,127.0951787783,37.5864251892
망우3동,127.0798672126,37.587293725
망우3동,127.100765,37.605293
망우3동,127.083193,37.601712
망우3동,127.0853819453,37.6023605207
망우3동,127.0966468699,37.589132753899996
망우3동,127.09655748120001,37.5903711809
망우3동,127.0859032952,37.5879996557
망우3동,127.08008279549999,37.5918888832
망우3동,127.10402893530001,37.6005554124
망우3동,127.09337123190001,37.582266553400004
망우3동,127.091856794,37.579280800300005
망우3동,127.1061903656,37.608918968400005
망우3동,127.09938044969999,37.5943086886
망우3동,127.092906444,37.5962294187
망우3동,127.095317,37.598636
망우3동,127.1009227036,37.605844343
망우3동,127.10619503129999,37.6055399874
망우3동,127.1071376819,37.6006041603
망우3동,127.0875704617,37.6004295116
망우3동,127.0874081648,37.6015328069
망우3동,127.0799291385,37.5988354686
망우3동,127.08007365190001,37.5990656913
망우3동,127.0971981563,37.6077456771
망우3동,127.0876333438,37.579662425
망우3동,127.0895327626,37.5805004062
망우3동,127.0885813363,37.5885893056
망우3동,127.079968189,37.5893793676
망우3동,127.0958756224,37.5989456248
망우3동,127.0905905408,37.5935893078
망우3동,127.0801327118,37.5895478357
망우3동,127.09330151350001,37.592469303499996
망우3동,127.0935066752,37.5904035569
망우3동,127.094428,37.587206
망우3동,127.094186169,37.584747550500005
망우3동,127.0901284341,37.5775056996
망우3동,127.0939262972,37.5840442922
망우3동,127.1079813498,37.6020454056
망우3동,127.1039205691,37.6005423822
망우3동,127.10014042469999,37.597684166
망우3동,127.0977234781,37.591287841799996
망우3동,127.09816884610001,37.5918210011
망우3동,127.10715922850001,37.6039438719
망우3동,127.0950910981,37.5944500658
망우3동,127.0977771349,37.5950222177
망우3동,127.099575,37.595449
망우3동,127.08765803799999,37.5928649716
망우3동,127.108905521,37.600492036999995
망우3동,127.0925731251,37.5798573408
망우3동,127.09483145520001,37.5864373874
망우3동,127.1080165435,37.6023505418
망우3동,127.0935232699,37.594225717600004
망우3동,127.0843278399,37.5922624438
망우3동,127.12007503129999,37.600617833899996
망우3동,127.08376354059999,37.5868182773
망우3동,127.08337854979999,37.5849023747
망우3동,127.0835638485,37.581812927399994
망우3동,127.1058771748,37.6058098302
망우3동,127.1034852284,37.6047165282
망우3동,127.10198093049999,37.6032373475
망우3동,127.1001547795,37.6005134707
망우3동,127.0925225918,37.580588534200004
망우3동,127.09958765959999,37.6075688048
망우3동,127.098226025,37.599475004
망우3동,127.0782822433,37.5907270846
망우3동,127.08252996430001,37.6000637535
망우3동,127.0813987993,37.599781839
망우3동,127.0804441874,37.5996910648
망우3동,127.1015162636,37.587705494299996
망우3동,127.1007138463,37.587833053800004
망우3동,127.0991091811,37.588604292199996
망우3동,127.09593570540001,37.5880826275
망우3동,127.085182865,37.5902891629
망우3동,127.0852656364,37.5902204142
망우3동,127.09684477340001,37.6025290177
망우3동,127.111348,37.601844
망우3동,127.1075370839,37.6062109225
망우3동,127.0813173797,37.5916084749
망우3동,127.08086500459999,37.5914094011
망우3동,127.0823641061,37.5954034795
망우3동,127.09435795809999,37.587776713400004
망우3동,127.0849978658,37.587688762199996
망우3동,127.0942024667,37.5878378611
반포본동,127.0052627142,37.5063349939
반포본동,126.9958082515,37.5034551594
반포본동,126.9899929686,37.5020434082
반포본동,126.976539582,37.503116618
반포본동,126.971743946,37.5058385513
반포본동,126.96857962620001,37.5064287101
반포본동,126.9827295523,37.4904376391
반포본동,126.9828180395,37.4932521524
반포본동,126.96557739389999,37.5075632815
반포본동,126.9877512453,37.4968049675
반포본동,126.982473,37.490902
반포본동,126.982473,37.490902
반포본동,126.9894739925,37.520051096399996
반포본동,126.98431399999998,37.498224
반포본동,126.98329237290001,37.4975257209
반포본동,126.97614643709998,37.5191306285
반포본동,126.9854597842,37.5174878544
반포본동,126.9969058813,37.5211098548
반포본동,127.0039507767,37.5007637192
반포본동,126.99533535299999,37.5026705835
반포본동,126.9962557409,37.4993812147
반포본동,126.9916348416,37.4906300512
반포본동,126.9996164075,37.5076207555
반포본동,126.9872539267,37.4915610814
반포본동,126.9901087261,37.5202604236
반포본동,126.99713071,37.5095987231
반포본동,126.97290052870001,37.5201520027
반포본동,126.9783905191,37.5184071679
반포본동,126.9811387863,37.5178158456
반포본동,126.98078322639999,37.5179305266
반포본동,126.9775800661,37.518758278600004
반포본동,126.9898910752,37.4933982055
반포본동,126.9902861302,37.4930519693
반포본동,127.0078725487,37.509247611999996
반포본동,126.9948181453,37.5202668261
반포본동,126.993923,37.52000200000001
반포본동,126.980569985,37.5057711155
반포본동,126.9797767171,37.520780854
반포본동,126.9958472773,37.4940361985
반포본동,126.99840905200001,37.4991730255
반포본동,126.9906243951,37.5208411716
반포본동,126.98824550049999,37.4963131174
반포본동,127.00792766110001,37.5094509881
반포본동,127.0069295563,37.5134935368
반포본동,127.0069218342,37.513681727800005
반포본동,126.9975824772,37.512102979
반포본동,126.9797314131,37.5049501051
반포본동,127.0080150374,37.509288637800005
반포본동,126.9903054743,37.4983151828
반포본동,126.9880596891,37.4980973518
반포본동,126.99168914059999,37.497855849400004
반포본동,126.993378961,37.4979482085
반포본동,126.995502854,37.4985638285
반포본동,126.9925999385,37.4982519712
반포본동,126.98889129959998,37.492215473200005
반포본동,126.99120134969999,37.4931335861
반포본동,127.0000256959,37.500610515700004
반포본동,127.0012882558,37.5044078368
반포본동,127.0040275959,37.5003385463
반포본동,126.9890026992,37.4923316429
반포본동,126.987202879,37.489441183000004
반포본동,126.9907042754,37.5226166078
반포본동,126.9906076132,37.4983029935
반포본동,127.00625055020001,37.5033097796
반포본동,126.9664185848,37.5072275886
반포본동,126.9829604876,37.5159524906
반포본동,126.99458416540001,37.508707441999995
반포본동,127.0032182287,37.505447574899996
반포본동,127.0033421421,37.5057468023
반포본동,126.99985479850001,37.5046317823
반포본동,126.9970088793,37.5039567762
반포본동,126.9831343855,37.4908472686
반포본동,126.9980919086,37.495389692399996
반포본동,126.9982385938,37.496227895
반포본동,126.9983650515,37.4979003904
반포본동,127.0045250991,37.4979562272
반포본동,126.9851854574,37.4972707701
반포본동,126.9862179523,37.493668032600006
반포본동,126.9869299979,37.4910579444
반포본동,126.9908234959,37.5226212728
반포본동,127.00554999139999,37.5028819916
반포본동,127.0030560717,37.5053987653
반포본동,126.97385570639999,37.506042165100006
반포본동,126.97859624120001,37.5209467378
반포본동,127.00387759549999,37.5001857093
반포본동,126.9825538627,37.4963561717
반포본동,126.97979362219999,37.4942198915
반포본동,126.96588230100001,37.5051427391
반포본동,126.9664322939,37.5058787238
반포본동,127.0003806484,37.5046192158
반포본동,127.0068288823,37.5065699182
반포본동,126.99360445709999,37.4937244651
반포본동,126.9935309749,37.4937676364
반포본동,126.9889053247,37.4952597078
반포본동,126.9873767741,37.497602546399996
반포본동,127.0052307391,37.5120628722
반포본동,127.00300875159999,37.5085805496
반포본동,126.9884201694,37.4957550614
반포본동,126.9919842289,37.4903425997
부암동,126.94434950040001,37.5884785983
부암동,126.94289344049999,37.591909401799995
부암동,126.9618276217,37.5982689981
부암동,126.947842775,37.5852070708
부암동,126.9489140557,37.5844295042
부암동,126.96128359379999,37.6024879601
부암동,126.9637111581,37.5955802677
부암동,126.97649036840001,37.610392332800004
부암동,126.9711088601,37.580331734699996
부암동,126.9465737315,37.5923219945
부암동,126.95261571969999,37.5959313111
부암동,126.9585967697,37.6070445065
부암동,126.96475204379999,37.6045928919
부암동,126.94910810219999,37.5961411115
부암동,126.9694326007,37.5875738987
부암동,126.960969,37.604688
부암동,126.9456000633,37.5874084584
부암동,126.9622896284,37.607085034499995
부암동,126.96607156430001,37.6052849029
부암동,126.9583524446,37.5997667554
부암동,126.964027,37.592874
부암동,126.9703409831,37.5833029548
부암동,126.95921857709999,37.5995597419
부암동,126.9588889836,37.600614993899995
부암동,126.972938181,37.6088011743
부암동,126.9695657901,37.6066085153
부암동,126.9671282401,37.5921935787
부암동,126.97259443889999,37.5879008533
부암동,126.97104371350001,37.5851124767
부암동,126.9705347538,37.5830818402
부암동,126.9565956763,37.609642432
부암동,126.95645931940001,37.611439920500004
부암동,126.94432078770001,37.5885004054
부암동,126.96355709040002,37.604323661399995
부암동,126.96755548770001,37.6058704536
부암동,126.9700286792,37.6066269493
부암동,126.97276769870001,37.6082771069
부암동,126.9564551555,37.5965762892
부암동,126.95643983139999,37.6083597993
부암동,126.9479686992,37.5940952781
부암동,126.956362861,37.5968838672
부암동,126.9550658958,37.6016661222
부암동,126.9439873519,37.5889877137
부암동,126.9451568514,37.5918243768
부암동,126.94710677120001,37.5926330108
부암동,126.9497609139,37.6053195327
부암동,126.949388515,37.6036115084
부암동,126.94897327700001,37.6008811557
부암동,126.948399915,37.599450174
부암동,126.94671463120001,37.5981420408
부암동,126.9473754992,37.597028074
부암동,126.94830817450001,37.5966699945
부암동,126.9558929899,37.613051749200004
부암동,126.9466785822,37.5911082307
부암동,126.94552241299999,37.589248151999996
부암동,126.9485551297,37.5952391237
부암동,126.9686739966,37.5803270229
부암동,126.9737046951,37.5826838766
부암동,126.9538245784,37.5897735158
부암동,126.9528882657,37.591038604
부암동,126.9520158782,37.5918432627
부암동,126.94962144549999,37.594188713600005
부암동,126.9485531218,37.5944287569
부암동,126.94465033030001,37.5918681616
부암동,126.9459823559,37.594653275
부암동,126.9486732635,37.5852486303
부암동,126.9511275217,37.5863278486
부암동,126.96660833770001,37.581023839000004
부암동,126.9816318175,37.586597213400005
부암동,126.9579491594,37.6062969015
부암동,126.9574984945,37.6051527285
부암동,126.95735030860001,37.6040312016
부암동,126.9575212198,37.6034067236
부암동,126.95784851239999,37.601990957
부암동,126.9557384547,37.6012662353
부암동,126.95700827809999,37.6000343037
부암동,126.9624033159,37.6080241273
부암동,126.9637501759,37.608977842399995
부암동,126.9641242035,37.611335326799995
부암동,126.965434339,37.6120220057
부암동,126.9657636563,37.6134764117
부암동,126.9676636826,37.6143323789
부암동,126.968548374,37.6129750944
부암동,126.9690414211,37.6116396375
부암동,126.9699424574,37.6124056849
부암동,126.97069256479999,37.6134476936
부암동,126.9718334824,37.6139007744
부암동,126.9533976853,37.590497381599995
부암동,126.9508479766,37.5931087765
부암동,126.94288658149999,37.591190853600004
부암동,126.9507583137,37.5930266867
부암동,126.9532687848,37.5904735418
부암동,126.95636000370001,37.596732072399995
부암동,126.9542359392,37.5963407559
부암동,126.9502820509,37.596848317399996
부암동,126.94902351040001,37.5959625622
부암동,126.94341839110001,37.5921931643
부암동,126.9447633645,37.598246831
부암동,126.94543029809999,37.5973207474
부암동,126.94600506399999,37.5963196848
부암동,126.946358616,37.5960336917
부암동,126.94210144200001,37.594359348299996
부암동,126.94504971180001,37.5969609571
부암동,126.95041566030001,37.5861982613
부암동,126.9496818285,37.5861599266
부암동,126.9642468056,37.582079256
부암동,126.98168309350001,37.5882052194
부암동,126.981711424,37.5874176662
부암동,126.96137738770001,37.6042163468
부암동,126.9576747675,37.607877605300004
부암동,126.9569707206,37.6046124743
부암동,126.9571666115,37.6020376855
부암동,126.96371184290001,37.5947504113
부암동,126.95943757399999,37.5994997517
부암동,126.95875194290001,37.606703668
부암동,126.9608711635,37.6049105807
성내3동,127.1180026744,37.526571792
성내3동,127.1261276783,37.537636767399995
성내3동,127.1194226924,37.528734471599996
성내3동,127.1374778317,37.5343452363
성내3동,127.1417088127,37.5320831832
성내3동,127.1311610343,37.516456660500005
성내3동,127.1238265579,37.5402419219
성내3동,127.1317854275,37.5359073228
성내3동,127.11984235530001,37.5290871567
성내3동,127.1211475276,37.5319307782
성내3동,127.14195609139999,37.5430173802
성내3동,127.14273819,37.545139274099995
성내3동,127.12072729450001,37.5312818974
성내3동,127.13321559229999,37.5196248166
성내3동,127.135246719,37.5248164398
성내3동,127.12276802059999,37.5371467728
성내3동,127.12480923209999,37.5429210415
성내3동,127.1147057774,37.521001476799995
성내3동,127.1149840981,37.5209774504
성내3동,127.139044416,37.535500674
성내3동,127.1435120147,37.5288186905
성내3동,127.1408119332,37.540000051
성내3동,127.1427476982,37.540903001
성내3동,127.1216550715,37.514141504899996
성내3동,127.1259139165,37.5459687205
성내3동,127.145296789,37.5264492988
성내3동,127.1290258393,37.5132630014
성내3동,127.1293729501,37.5249807792
성내3동,127.1286418752,37.5273696355
성내3동,127.125600831,37.52876028
성내3동,127.12251906899999,37.530173950300004
성내3동,127.139950358,37.5410001682
성내3동,127.13994325670001,37.5379716943
성내3동,127.1496813052,37.531860848499996
성내3동,127.1477323887,37.5271689217
성내3동,127.13124797309999,37.530334482600004
성내3동,127.12815953329999,37.5311760425
성내3동,127.12207182569999,37.5329121068
성내3동,127.1363611307,37.5276273277
성내3동,127.13751586629999,37.5306630865
성내3동,127.1272441058,37.537299145300004
성내3동,127.1375004918,37.531324760100006
성내3동,127.1363281315,37.5282050672
성내3동,127.1429044108,37.5343241345
성내3동,127.1263334768,37.5126591223
성내3동,127.13542059059999,37.537488483400004
성내3동,127.1369130009,37.5406088178
성내3동,127.1398552738,37.5373489921
성내3동,127.1470965338,37.541311037
성내3동,127.1154048122,37.5267086701
성내3동,127.13078932469999,37.5362118233
성내3동,127.1193266666,37.5153469457
성내3동,127.1321018501,37.5360328892
성내3동,127.1483245167,37.5286324672
성내3동,127.1488353398,37.5295614209
성내3동,127.13379275969999,37.5342926211
성내3동,127.13280666870001,37.532253847199996
성내3동,127.1255475251,37.531924163
성내3동,127.13203581389999,37.5224219285
성내3동,127.131505349,37.5223766176
성내3동,127.12873489270001,37.5131736517
성내3동,127.1367197258,37.541509413
성내3동,127.1342525207,37.543820978
성내3동,127.1322943709,37.544537965
성내3동,127.12890126709999,37.5450363028
성내3동,127.121712948,37.534293005
성내3동,127.1488233069,37.5367581698
성내3동,127.14790340479999,37.5361677525
성내3동,127.1441573136,37.5348204977
성내3동,127.119206534,37.5150150383
성내3동,127.1467175051,37.5400949748
성내3동,127.1463808716,37.5390110221
성내3동,127.1448589865,37.5343438735
성내3동,127.1435150384,37.5290857227
성내3동,127.1416242395,37.5274438176
성내3동,127.1372331336,37.528677153800004
성내3동,127.13420866889999,37.5294958435
성내3동,127.12561203540001,37.5319050552
성내3동,127.1336200096,37.545862286100004
성내3동,127.1312490958,37.5426826788
성내3동,127.13009939860001,37.541249353699996
성내3동,127.1271775392,37.5405040272
성내3동,127.1270540908,37.5375778069
성내3동,127.1218022634,37.5393493007
성내3동,127.1434019563,37.517362915
성내3동,127.1407958774,37.5185136181
성내3동,127.1396389798,37.5187308816
성내3동,127.14286153389999,37.5173187874
성내3동,127.1257905027,37.5252084557
성내3동,127.12179378129998,37.5270127182
성내3동,127.149112949,37.5368793039
성내3동,127.1417107165,37.5339586967
성내3동,127.14196834389999,37.533813436100004
성내3동,127.1480864274,37.5362445041
성내3동,127.11685385700001,37.5250790654
성내3동,127.115230827,37.5247792558
성내3동,127.1128005858,37.5247869969
성내3동,127.1106204473,37.531229609899995
성내3동,127.1110318252,37.53346262
성내3동,127.11226636069999,37.535238224400004
성내3동,127.1144864674,37.5370899056
성내3동,127.1158129659,37.5381938691
성내3동,127.1169686574,37.5391549417
성내3동,127.12184184270001,37.5390616034
성내3동,127.11918372870001,37.532211707399995
성내3동,127.11573183040001,37.529455745599996
성내3동,127.1124598176,37.5308759398
성내3동,127.1124595375,37.530875729099996
성내3동,127.1102529507,37.530038276300004
성내3동,127.11493846639999,37.5247056212
성내3동,127.12693810959999,37.5124031416
성내3동,127.1455465002,37.5363253754
성내3동,127.14370438040001,37.5316924858
성내3동,127.1476766966,37.5276924573
성내3동,127.1389947092,37.5281802155
성내3동,127.13608724459999,37.5289914683
성내3동,127.11532927440001,37.5267427936
성내3동,127.13604221920001,37.5289337892
성내3동,127.1442207584,37.5275672008
성내3동,127.1455089358,37.5287423665
성내3동,127.14390199120001,37.531792363
성내3동,127.1457063022,37.5364447972
성내3동,127.1471930732,37.5413396753
성내3동,127.1269789043,37.5376003403
성내3동,127.12538044450001,37.5409029385
역촌동,126.9349840117,37.6024266451
역촌동,126.9280694392,37.6124030581
역촌동,126.9238915783,37.6161907377
역촌동,126.9308660648,37.609224659
역촌동,126.9303114393,37.6012532493
역촌동,126.9108134708,37.6139916762
역촌동,126.92085643370001,37.6192824445
역촌동,126.916247,37.590813
역촌동,126.9130027216,37.5881064536
역촌동,126.92355359049999,37.600626360700005
역촌동,126.9266264494,37.6012966302
역촌동,126.9233963525,37.6069586926
역촌동,126.9199126013,37.617854665
역촌동,126.91032364690001,37.602031078
역촌동,126.92259293040001,37.6192411815
역촌동,126.9336293599,37.6061541377
역촌동,126.9344119919,37.605379175500005
역촌동,126.9185714592,37.588973618699995
역촌동,126.9108777885,37.6087987452
역촌동,126.910509705,37.6060162302
역촌동,126.9176433607,37.5916363127
역촌동,126.9205481253,37.5978814444
역촌동,126.9113175591,37.6119951896
역촌동,126.9169843799,37.5886922911
역촌동,126.9126066525,37.6133602085
역촌동,126.91430719680001,37.6127497925
역촌동,126.9138851714,37.591603838000005
역촌동,126.916762211,37.6100150662
역촌동,126.9136048657,37.5911620802
역촌동,126.9100520798,37.5956760488
역촌동,126.913659348,37.6158282111
역촌동,126.91488578719999,37.5954033575
역촌동,126.9155885948,37.5981102176
역촌동,126.9129632299,37.5934489258
역촌동,126.91217336940001,37.6143081763
역촌동,126.91509294209999,37.6182063618
역촌동,126.91565622200001,37.6193647892
역촌동,126.9165277862,37.620817427199995
역촌동,126.9169870807,37.6232490394
역촌동,126.91897120559999,37.6233021491
역촌동,126.917821606,37.6140827146
역촌동,126.9177409601,37.6146554249
역촌동,126.922317,37.617577
역촌동,126.910172,37.598976
역촌동,126.9149652941,37.5988292361
역촌동,126.91861833540001,37.599571144
역촌동,126.9154610949,37.6061433571
역촌동,126.917473734,37.6116655944
역촌동,126.9102154353,37.5997638904
역촌동,126.92825779430001,37.6084875564
역촌동,126.9322409368,37.609161358499996
역촌동,126.9026609817,37.6204685747
역촌동,126.9059084865,37.6185563596
역촌동,126.90808612049999,37.615844520799996
역촌동,126.9261168705,37.6028163406
역촌동,126.9201832931,37.6093457235
역촌동,126.9209082861,37.6086686542
역촌동,126.922448712,37.6024268827
역촌동,126.9244864642,37.5907413913
역촌동,126.9245778258,37.6204326057
역촌동,126.92439056379999,37.620504788699996
역촌동,126.91807356129999,37.593452784899995
역촌동,126.918085441,37.5943012058
역촌동,126.918127982,37.6107957476
역촌동,126.9159489191,37.6021736962
역촌동,126.9173678461,37.61210523
역촌동,126.9169878166,37.6107347585
역촌동,126.89449151139999,37.6070703744
역촌동,126.9124002634,37.588798053699996
역촌동,126.92307477899999,37.5934507803
역촌동,126.92411050700001,37.596937677199996
역촌동,126.9258432408,37.5988331969
역촌동,126.92695299020001,37.600413228899995
역촌동,126.91831369120001,37.6000139898
역촌동,126.9206393358,37.601594616599996
역촌동,126.9289231795,37.6084558768
역촌동,126.9264415832,37.608894140100006
역촌동,126.9240164593,37.6075848121
역촌동,126.9192582189,37.5960691196
역촌동,126.9328596775,37.6160433375
역촌동,126.93213023780001,37.6140609771
역촌동,126.92243718290001,37.5931672168
역촌동,126.92071532370001,37.5935188466
역촌동,126.9184036286,37.5938295947
역촌동,126.91974082370001,37.6178988205
역촌동,126.92284289959998,37.5903182418
역촌동,126.922707725,37.5910854317
역촌동,126.9241163908,37.6160195864
역촌동,126.9243431308,37.6133796523
역촌동,126.93090784209998,37.611746269099996
역촌동,126.9083371939,37.5966744272
역촌동,126.9303908626,37.609762567
역촌동,126.9248871283,37.5896248793
역촌동,126.9242152127,37.5914972658
역촌동,126.92399052110001,37.5920076161
역촌동,126.91596551079999,37.6004261514
역촌동,126.89519303680001,37.6012490785
역촌동,126.8954507205,37.6011939163
역촌동,126.9056251059,37.590679038000005
역촌동,126.91024328399999,37.5897992132
역촌동,126.92191123549999,37.6042148206
역촌동,126.9264463996,37.608726831700004
역촌동,126.9222675793,37.605211958000005
역촌동,126.9068547265,37.616958339600004
역촌동,126.90616477799999,37.5918180086
역촌동,126.9058361276,37.5916118553
역촌동,126.91112523870001,37.605520991
역촌동,126.9116537085,37.6055592561
역촌동,126.93013869030001,37.6111355036
역촌동,126.9319888964,37.6130810051
역촌동,126.93522522290002,37.6016322357
역촌동,126.9301314491,37.610056752
역촌동,126.9206794623,37.6186848719
역촌동,126.9193849566,37.620324512399996
역촌동,126.9190961835,37.6231949543
역촌동,126.90647199889999,37.5996286571
역촌동,126.9065489925,37.6011065639
역촌동,126.9066651585,37.6036444661
역촌동,126.90901834190001,37.603878570999996
역촌동,126.91112467389999,37.6029735337
역촌동,126.91309685040001,37.6021948633
역촌동,126.9185710925,37.603004100300005
역촌동,126.918429373,37.6041587937
역촌동,126.9182178667,37.6060224191
역촌동,126.92033450209999,37.6082576595
역촌동,126.9222365767,37.6113856099
역촌동,126.9265884508,37.6130748561
역촌동,126.9080664752,37.6077691989
역촌동,126.909926552,37.6074427016
역촌동,126.91296205110001,37.6074442034
역촌동,126.91446376389999,37.6074012761
역촌동,126.9172164713,37.6184072225
역촌동,126.9147007547,37.6194118774
역촌동,126.9128795365,37.6205567454
역촌동,126.93578571549999,37.6122511033
역촌동,126.92361766799999,37.5926925582
역촌동,126.9200389974,37.5896913442
역촌동,126.90632288270001,37.6122333302
역촌동,126.9066394358,37.6128354983
역촌동,126.906448991,37.6133006516
역촌동,126.9082465155,37.613557046
역촌동,126.9092492172,37.6142652621
역촌동,126.915112601,37.6152576754
역촌동,126.91608257979999,37.6148411279
역촌동,126.9060649316,37.5922283758
역촌동,126.90745150379999,37.591667419000004
역촌동,126.9103357066,37.5905786021
역촌동,126.90595439110001,37.595861883400005
역촌동,126.9303624483,37.6100335746
역촌동,126.92211204659999,37.6113349802
역촌동,126.9208505792,37.6091343114
역촌동,126.9199273057,37.6226388827
역촌동,126.90458970659999,37.6002242048
역촌동,126.904649,37.600406
역촌동,126.9143523822,37.6057524871
역촌동,126.9183381556,37.606230338
역촌동,126.93375021790001,37.5957041063
역촌동,126.90653767239999,37.6019571388
역촌동,126.9073186549,37.6046928354
역촌동,126.90736036950001,37.6047834765
역촌동,126.90548617969999,37.6048779374
역촌동,126.906409618,37.601998656
역촌동,126.9171788189,37.6234722259
역촌동,126.9063186384,37.6097757508
역촌동,126.91779156700001,37.6108889917
역촌동,126.9072237817,37.6082029331
역촌동,126.9232780456,37.5928410248
역촌동,126.91869864350001,37.5953151912
역촌동,126.9251148915,37.6021152649
역촌동,126.92746155459999,37.6037051597
역촌동,126.93215920770001,37.6072690744
역촌동,126.9333664441,37.6064800679
역촌동,126.92165126389999,37.5996039549
역촌동,126.91855891,37.595383472399995
역촌동,126.9113867274,37.6222565913
역촌동,126.936872077,37.6097191768
역촌동,126.9278253993,37.6095293578
역촌동,126.9301667171,37.6111490247
역촌동,126.9178236281,37.593110285
역촌동,126.9228313449,37.592339108000004
역촌동,126.92230275680001,37.5891017087
역촌동,126.91821394120001,37.5892113804
역촌동,126.9194914757,37.5890597843
역촌동,126.92271279159999,37.5892872061
역촌동,126.9230239292,37.5919225483
역촌동,126.9172678516,37.6143315978
역촌동,126.91788743229999,37.6145127694
역촌동,126.91933552389999,37.6210179815
역촌동,126.9188581659,37.6165184278
역촌동,126.9139163197,37.615873355
역촌동,126.9036839148,37.5923904797
역촌동,126.9131431516,37.5903880814
역촌동,126.9134786066,37.5931639737
역촌동,126.9050967856,37.596840349699995
역촌동,126.9124867022,37.5904533281
오륜동,127.1180026744,37.526571792
오륜동,127.1194226924,37.528734471599996
오륜동,127.1374778317,37.5343452363
오륜동,127.11612995540001,37.508122880500004
오륜동,127.11162555979999,37.5106005312
오륜동,127.1417088127,37.5320831832
오륜동,127.1311610343,37.516456660500005
오륜동,127.1075839788,37.5131144846
오륜동,127.1317854275,37.5359073228
오륜동,127.11984235530001,37.5290871567
오륜동,127.1211475276,37.5319307782
오륜동,127.1058793354,37.5189320659
오륜동,127.10917150270001,37.519349759099995
오륜동,127.12072729450001,37.5312818974
오륜동,127.1310088519,37.5062666952
오륜동,127.1278051169,37.5078846265
오륜동,127.13321559229999,37.5196248166
오륜동,127.135246719,37.5248164398
오륜동,127.12642476479999,37.5032870682
오륜동,127.12155787430001,37.505851873400005
오륜동,127.1147057774,37.521001476799995
오륜동,127.1149840981,37.5209774504
오륜동,127.1134772945,37.516994899400004
오륜동,127.1204321131,37.5061661102
오륜동,127.1268774992,37.5027891975
오륜동,127.1435120147,37.5288186905
오륜동,127.1350583492,37.505705499899996
오륜동,127.11385601290002,37.5094371701
오륜동,127.1216550715,37.514141504899996
오륜동,127.145296789,37.5264492988
오륜동,127.134146855,37.504992844600004
오륜동,127.1290258393,37.5132630014
오륜동,127.1293729501,37.5249807792
오륜동,127.1286418752,37.5273696355
오륜동,127.125600831,37.52876028
오륜동,127.12251906899999,37.530173950300004
오륜동,127.13124797309999,37.530334482600004
오륜동,127.12815953329999,37.5311760425
오륜동,127.12207182569999,37.5329121068
오륜동,127.1363611307,37.5276273277
오륜동,127.13751586629999,37.5306630865
오륜동,127.1375004918,37.531324760100006
오륜동,127.1363281315,37.5282050672
오륜동,127.1239637694,37.5094854684
오륜동,127.1194302105,37.5123139651
오륜동,127.1181548518,37.510302005
오륜동,127.1108332651,37.510744340900004
오륜동,127.10990142,37.5195554148
오륜동,127.1112855985,37.508683613
오륜동,127.10953987709999,37.5165190635
오륜동,127.1263334768,37.5126591223
오륜동,127.1156407725,37.5060318962
오륜동,127.1155123485,37.505972783000004
오륜동,127.1154048122,37.5267086701
오륜동,127.1374155014,37.5038696114
오륜동,127.1264105229,37.509057709000004
오륜동,127.13078932469999,37.5362118233
오륜동,127.1350166301,37.5053666758
오륜동,127.11308345639999,37.5183760443
오륜동,127.1129588732,37.511818025100006
오륜동,127.1193266666,37.5153469457
오륜동,127.1321018501,37.5360328892
오륜동,127.13379275969999,37.5342926211
오륜동,127.13280666870001,37.532253847199996
오륜동,127.1255475251,37.531924163
오륜동,127.12157138219999,37.5113132239
오륜동,127.1216489023,37.511537940100006
오륜동,127.13203581389999,37.5224219285
오륜동,127.131505349,37.5223766176
오륜동,127.12873489270001,37.5131736517
오륜동,127.1387551202,37.504660666999996
오륜동,127.1421383724,37.512388361199996
오륜동,127.121712948,37.534293005
오륜동,127.1142494822,37.513857282800004
오륜동,127.1130764235,37.520047276599996
오륜동,127.119206534,37.5150150383
오륜동,127.1149115491,37.516893702
오륜동,127.1435150384,37.5290857227
오륜동,127.1416242395,37.5274438176
오륜동,127.1372331336,37.528677153800004
오륜동,127.13420866889999,37.5294958435
오륜동,127.12561203540001,37.5319050552
오륜동,127.1434019563,37.517362915
오륜동,127.1407958774,37.5185136181
오륜동,127.1396389798,37.5187308816
오륜동,127.14286153389999,37.5173187874
오륜동,127.1257097331,37.5083798472
오륜동,127.1223331235,37.5032638164
오륜동,127.1257905027,37.5252084557
오륜동,127.12179378129998,37.5270127182
오륜동,127.1151305258,37.5149284492
오륜동,127.1287405219,37.502523698699996
오륜동,127.12975051020001,37.5038256093
오륜동,127.11685385700001,37.5250790654
오륜동,127.115230827,37.5247792558
오륜동,127.1128005858,37.5247869969
오륜동,127.10985990290001,37.5248041522
오륜동,127.10751218450001,37.5270713223
오륜동,127.1106204473,37.531229609899995
오륜동,127.11918372870001,37.532211707399995
오륜동,127.11573183040001,37.529455745599996
오륜동,127.1124598176,37.5308759398
오륜동,127.1124595375,37.530875729099996
오륜동,127.1102529507,37.530038276300004
오륜동,127.10723976979999,37.5268515771
오륜동,127.107456036,37.5247804317
오륜동,127.11493846639999,37.5247056212
오륜동,127.12693810959999,37.5124031416
오륜동,127.1389947092,37.5281802155
오륜동,127.13608724459999,37.5289914683
오륜동,127.11532927440001,37.5267427936
오륜동,127.13604221920001,37.5289337892
오륜동,127.1442207584,37.5275672008
오륜동,127.1455089358,37.5287423665
일원1동,127.1044938567,37.482671206
일원1동,127.0972203749,37.485372423600005
일원1동,127.08475887959999,37.4834496065
일원1동,127.0682657691,37.5011819271
일원1동,127.1024840373,37.4863236703
일원1동,127.1047390973,37.4845767126
일원1동,127.1000245707,37.488412541100004
일원1동,127.0872743139,37.5117037183
일원1동,127.0947556564,37.5026989537
일원1동,127.0897976276,37.503970735
일원1동,127.06729667319999,37.4866508284
일원1동,127.0933523822,37.4845205133
일원1동,127.0909919452,37.4843815491
일원1동,127.07986299999999,37.482744
일원1동,127.0820936952,37.4829263393
일원1동,127.0890798866,37.483962731999995
일원1동,127.09376418040002,37.4842768776
일원1동,127.0672760049,37.4862989699
일원1동,127.0852015743,37.5052488348
일원1동,127.07890605909999,37.509835404099995
일원1동,127.0743951304,37.4884023954
일원1동,127.0722868159,37.4923424877
일원1동,127.07955777389999,37.4825673852
일원1동,127.1027879009,37.4875637758
일원1동,127.0927995851,37.5110112898
일원1동,127.0967160198,37.5001532502
일원1동,127.10988020000002,37.496230083
일원1동,127.098405811,37.5025872067
일원1동,127.06766232049999,37.495703351799996
일원1동,127.09298219600001,37.507161099899996
일원1동,127.10448606879999,37.5002334113
일원1동,127.1006851318,37.4990395015
일원1동,127.07209572,37.492197366999996
일원1동,127.07574471870001,37.4923179602
일원1동,127.0826682174,37.489104388499996
일원1동,127.08669922969999,37.5089899576
일원1동,127.07379248,37.488974550900004
일원1동,127.0805662753,37.4912141833
일원1동,127.0685143184,37.4984748789
일원1동,127.10632155309999,37.4950632735
일원1동,127.1052372969,37.494542780100005
일원1동,127.10529820100001,37.504488519
일원1동,127.0719832449,37.4972043212
일원1동,127.1055523011,37.504415882800004
일원1동,127.0919220161,37.5090431135
일원1동,127.0970403742,37.5046402623
일원1동,127.0814862231,37.5062944165
일원1동,127.0801297162,37.5065416398
일원1동,127.0920116619,37.5088804114
일원1동,127.07700593370001,37.504986316
일원1동,127.08290770209999,37.486523678000005
일원1동,127.07884751110001,37.4933219148
일원1동,127.0825055542,37.4870412743
일원1동,127.08330804469999,37.4851223267
일원1동,127.0684206024,37.4894256105
일원1동,127.1024250524,37.486641345
일원1동,127.1019875648,37.48699564
일원1동,127.0876807427,37.4906568823
일원1동,127.0873090174,37.5036949931
일원1동,127.0929009355,37.511313049
일원1동,127.0859366568,37.5104016096
일원1동,127.0875334348,37.4919789548
일원1동,127.0874404419,37.4903641024
일원1동,127.0761601236,37.4984936797
일원1동,127.0896756917,37.5064891564
일원1동,127.0896247764,37.5061758595
일원1동,127.0982166283,37.5063365392
일원1동,127.0680057746,37.5012703085
일원1동,127.08141596850001,37.4893711848
일원1동,127.07053303549999,37.4900551607
일원1동,127.0705610867,37.4901261199
일원1동,127.0799595046,37.4928624359
일원1동,127.0782775081,37.493287296
일원1동,127.08908059139999,37.4813763055
일원1동,127.09189493379999,37.4814051321
일원1동,127.0945154237,37.4821241262
일원1동,127.0947425525,37.4834914336
일원1동,127.0844003613,37.4925923053
일원1동,127.08634936889999,37.4932439854
일원1동,127.10440328290001,37.4882241776
일원1동,127.0729295275,37.4875687877
일원1동,127.0722213624,37.4869657477
일원1동,127.06835994129999,37.4864282273
일원1동,127.1022591212,37.487546893
일원1동,127.0943922327,37.4979909658
일원1동,127.09082872020001,37.4991852571
일원1동,127.0876472258,37.5002517147
일원1동,127.0833167215,37.4947890547
일원1동,127.08658839,37.4938756888
일원1동,127.0738405683,37.4888840235
일원1동,127.08419852629999,37.4880319084
일원1동,127.086846533,37.4894759548
일원1동,127.08784736780001,37.488455567399996
일원1동,127.0815178126,37.4894788042
일원1동,127.105265141,37.4884984149
일원1동,127.1029589453,37.4877517491
일원1동,127.0804487767,37.4914707163
일원1동,127.08260180469999,37.491856737
잠실7동,127.072133691,37.5108261104
잠실7동,127.07969234709999,37.5120271556
잠실7동,127.06378030200001,37.50728751
잠실7동,127.0622365458,37.5101919182
잠실7동,127.0617468997,37.5085759614
잠실7동,127.06251983940001,37.5103382684
잠실7동,127.06712296030001,37.5098652817
잠실7동,127.0682657691,37.5011819271
잠실7동,127.08339086040002,37.5118776043
잠실7동,127.08451141139999,37.511632364200004
잠실7동,127.0627366284,37.495552265
잠실7동,127.0659524808,37.5097668706
잠실7동,127.09117706239999,37.511679160999996
잠실7동,127.0595929186,37.515023068699996
잠실7동,127.0872743139,37.5117037183
잠실7동,127.0947556564,37.5026989537
잠실7동,127.0897976276,37.503970735
잠실7동,127.05994627850001,37.5150359297
잠실7동,127.09392112649999,37.5121697489
잠실7동,127.0559478386,37.5078852424
잠실7동,127.0594870867,37.498335077600004
잠실7동,127.061499249,37.5040691461
잠실7동,127.0612358367,37.4979653299
잠실7동,127.0621592579,37.496297409099995
잠실7동,127.06413202639999,37.492504049699996
잠실7동,127.06421918129999,37.4927625425
잠실7동,127.06153585930001,37.493808882399996
잠실7동,127.0546557181,37.5102456498
잠실7동,127.0852015743,37.5052488348
잠실7동,127.07890605909999,37.509835404099995
잠실7동,127.0722868159,37.4923424877
잠실7동,127.0554671926,37.5066025202
잠실7동,127.055021,37.506240000000005
잠실7동,127.0927995851,37.5110112898
잠실7동,127.0619662518,37.4938061692
잠실7동,127.06766232049999,37.495703351799996
잠실7동,127.09298219600001,37.507161099899996
잠실7동,127.07209572,37.492197366999996
잠실7동,127.05760139739999,37.5136862708
잠실7동,127.07574471870001,37.4923179602
잠실7동,127.0671134223,37.5018245581
잠실7동,127.06574824379999,37.5043659962
잠실7동,127.05918911149999,37.5016508031
잠실7동,127.059740956,37.5009963744
잠실7동,127.08669922969999,37.5089899576
잠실7동,127.0598771433,37.4986561638
잠실7동,127.05670353100001,37.497585487100004
잠실7동,127.0805662753,37.4912141833
잠실7동,127.0685143184,37.4984748789
잠실7동,127.0613590234,37.4980418036
잠실7동,127.0719832449,37.4972043212
잠실7동,127.0919220161,37.5090431135
잠실7동,127.0814862231,37.5062944165
잠실7동,127.0801297162,37.5065416398
잠실7동,127.0920116619,37.5088804114
잠실7동,127.07700593370001,37.504986316
잠실7동,127.07884751110001,37.4933219148
잠실7동,127.0567944809,37.5025237339
잠실7동,127.06577108129999,37.5035822216
잠실7동,127.0582747975,37.5034460327
잠실7동,127.05866599999999,37.503126
잠실7동,127.0873090174,37.5036949931
잠실7동,127.09132224870001,37.511924479899996
잠실7동,127.0929009355,37.511313049
잠실7동,127.0859366568,37.5104016096
잠실7동,127.0761601236,37.4984936797
잠실7동,127.0896756917,37.5064891564
잠실7동,127.0896247764,37.5061758595
잠실7동,127.0680057746,37.5012703085
잠실7동,127.06232973959999,37.5145254864
잠실7동,127.0647314317,37.514931231999995
잠실7동,127.0655977398,37.5125156594
잠실7동,127.07053303549999,37.4900551607
잠실7동,127.0705610867,37.4901261199
잠실7동,127.06191354879999,37.4939824903
잠실7동,127.0799595046,37.4928624359
잠실7동,127.0782775081,37.493287296
잠실7동,127.060728,37.512952
잠실7동,127.0666383965,37.501909458600004
잠실7동,127.0844003613,37.4925923053
잠실7동,127.08634936889999,37.4932439854
잠실7동,127.09082872020001,37.4991852571
잠실7동,127.0876472258,37.5002517147
잠실7동,127.0638477221,37.4999790556
잠실7동,127.0833167215,37.4947890547
잠실7동,127.08658839,37.4938756888
잠실7동,127.0583158091,37.5138065996
잠실7동,127.0620719792,37.5104960106
잠실7동,127.06213240299999,37.5146268014
잠실7동,127.0804487767,37.4914707163
잠실7동,127.08260180469999,37.491856737
장위2동,127.03000231200001,37.613765142
장위2동,127.06723070700001,37.6150652627
장위2동,127.0331233065,37.6014694388
장위2동,127.0699139994,37.6182551734
장위2동,127.0670040201,37.6151943546
장위2동,127.04435170299999,37.619110346599996
장위2동,127.06846537930001,37.601384160900004
장위2동,127.0650456799,37.6148135182
장위2동,127.0562793957,37.610501238699996
장위2동,127.0616826036,37.613415828200004
장위2동,127.0313059234,37.6059147758
장위2동,127.0522655429,37.6188638365
장위2동,127.05912442559999,37.628191479099996
장위2동,127.05138515540001,37.6181571288
장위2동,127.04972929350001,37.6169933793
장위2동,127.057351183,37.6160397599
장위2동,127.06814104879999,37.6238828181
장위2동,127.06922720959999,37.6214859426
장위2동,127.0698910941,37.6194118397
장위2동,127.065762708,37.6144115404
장위2동,127.0316605575,37.6164471234
장위2동,127.0321633111,37.6100659535
장위2동,127.057411011,37.6285147109
장위2동,127.0457891407,37.6138602395
장위2동,127.043041325,37.6139058144
장위2동,127.0353400807,37.6105762289
장위2동,127.0366654139,37.6066346712
장위2동,127.0617708112,37.6226621218
장위2동,127.05910385290001,37.60871156
장위2동,127.0602756928,37.6076045876
장위2동,127.061895545,37.605655063899995
장위2동,127.061975745,37.6038766379
장위2동,127.04883503549999,37.6139053753
장위2동,127.060144,37.622966
장위2동,127.06413670959999,37.6170744406
장위2동,127.03608017559999,37.612149839000004
장위2동,127.03578315909999,37.6118940155
장위2동,127.0486325152,37.6160645279
장위2동,127.04048906530001,37.614406225399996
장위2동,127.04923513540001,37.606790003
장위2동,127.05029781110001,37.6272274804
장위2동,127.0581542333,37.6152447096
장위2동,127.0574366108,37.629116744899996
장위2동,127.0601348,37.62299196
장위2동,127.0582047051,37.6198175394
장위2동,127.05522440889999,37.6198525717
장위2동,127.0374580008,37.6041484498
장위2동,127.0351662979,37.6028019378
장위2동,127.042305076,37.602843959299996
장위2동,127.04812013969999,37.6233206964
장위2동,127.05043023399999,37.6232517077
장위2동,127.05302505479999,37.6197549224
장위2동,127.0435478216,37.6290833764
장위2동,127.0482017225,37.6255500667
장위2동,127.0592801434,37.6141541994
장위2동,127.052676851,37.6086112316
장위2동,127.0293074582,37.607859421
장위2동,127.06621054780001,37.606611155100005
장위2동,127.030862,37.614651
장위2동,127.0326975602,37.6115440433
장위2동,127.0554039984,37.6284456688
장위2동,127.0321966828,37.6099865112
장위2동,127.0566594175,37.6188660738
장위2동,127.03571504840001,37.6094604036
장위2동,127.03927669030001,37.6024463392
장위2동,127.03591551379999,37.6091337935
장위2동,127.05355799959999,37.6194455702
장위2동,127.05018979399999,37.6236626522
장위2동,127.0447746193,37.6043772721
장위2동,127.0301831322,37.6140773192
장위2동,127.0649948772,37.6147956084
장위2동,127.0462442958,37.6296773288
장위2동,127.0618846833,37.5993595908
장위2동,127.06209312530001,37.600104750300005
장위2동,127.030547612,37.6129620654
장위2동,127.0457646759,37.6211985379
장위2동,127.03807107639999,37.6136824773
장위2동,127.051330169,37.625256693400004
장위2동,127.0529217351,37.6260697433
장위2동,127.03899005790001,37.6137718421
장위2동,127.05633256649999,37.6189768607
장위2동,127.05902285200001,37.6119724842
장위2동,127.04649854600001,37.605375272399996
장위2동,127.04273806190001,37.6030780961
장위2동,127.06785633129999,37.6026369403
장위2동,127.0375376766,37.6237467257
장위2동,127.0360478307,37.6186235976
장위2동,127.0346057144,37.6165921427
장위2동,127.0305479083,37.6128764327
장위2동,127.05131020299999,37.626592317800004
장위2동,127.0526217886,37.627417639499996
장위2동,127.053934509,37.6282447416
장위2동,127.0538662482,37.6283161379
장위2동,127.05155378879999,37.6268574729
장위2동,127.04709970370001,37.6281242037
장위2동,127.07272228309999,37.6177869251
장위2동,127.0616252459,37.6118111213
장위2동,127.050071714,37.6162620089
장위2동,127.05282920459999,37.614534338
장위2동,127.0555666051,37.6121148984
장위2동,127.03344092270001,37.616113815700004
장위2동,127.0447050265,37.625315272399995
장위2동,127.0441844335,37.6261041404
장위2동,127.044169,37.627605
장위2동,127.04230264290001,37.6282553209
장위2동,127.0409978842,37.628010002399996
장위2동,127.0505774991,37.6133526801
장위2동,127.05289283379999,37.6140191724
장위2동,127.0541403238,37.6146242681
장위2동,127.05527562489999,37.6156235698
장위2동,127.05628204889999,37.6167577229
장위2동,127.05531037739999,37.627948438699995
장위2동,127.05257639979999,37.6262050932
장위2동,127.04543311190001,37.6208240912
장위2동,127.038206836,37.6137042583
장위2동,127.0430151093,37.617937351
장위2동,127.03750961450001,37.6020920985
장위2동,127.0312411151,37.603735216
장위2동,127.05648383319999,37.6104997577
장위2동,127.06463429200001,37.6113152338
장위2동,127.0640834652,37.6092970443
장위2동,127.0646596925,37.6089157451
장위2동,127.0368186991,37.625902579299996
장위2동,127.0341744435,37.6133294336
장위2동,127.05072326610001,37.624075321199996
장위2동,127.047631684,37.617751121
장위2동,127.0392563635,37.6043332529
장위2동,127.04433853530001,37.6053405371
장위2동,127.048608795,37.6235755993
장위2동,127.0506539883,37.6268866383
장위2동,127.0510547779,37.630341700900004
장위2동,127.0510560694,37.630071307
장위2동,127.0378623074,37.6137607716
장위2동,127.0380219999,37.6150510498
장위2동,127.03245392219999,37.6221591128
장위2동,127.03273353040001,37.6212046995
장위2동,127.0329630814,37.6201099957
장위2동,127.0332567789,37.6187106157
장위2동,127.0339622827,37.616613030500005
장위2동,127.0303895711,37.610186309899994
장위2동,127.04659787979999,37.6261664542
장위2동,127.0607459164,37.6158671576
장위2동,127.06430874870001,37.6166561525
장위2동,127.05679850879999,37.596656081999996
장위2동,127.057167,37.598359
장위2동,127.0403773164,37.6059432979
장위2동,127.03436159620001,37.6130464866
장위2동,127.0378041515,37.6038808662
장위2동,127.04266879040001,37.6041718432
장위2동,127.04539737120001,37.6061943161
장위2동,127.04610040790001,37.6068995239
장위2동,127.0470940841,37.6076246562
장위2동,127.0476355336,37.609799438
장위2동,127.04896879260001,37.612611876799996
장위2동,127.0414490129,37.6143145571
장위2동,127.05249306290001,37.6220024041
장위2동,127.053815641,37.6206463998
장위2동,127.0553773123,37.6172416885
장위2동,127.05149968139999,37.626235208800004
장위2동,127.057808,37.629458
장위2동,127.03344679700001,37.6160637895
장위2동,127.0523484169,37.6223084374
장위2동,127.0328803629,37.6092867313
장위2동,127.0345078006,37.6064757542
장위2동,127.0360628034,37.604553533600004
장위2동,127.0433257276,37.6018387668
장위2동,127.042078554,37.5972359828
장위2동,127.0412654657,37.5975815105
장위2동,127.0411526517,37.5999329183
장위2동,127.06638354,37.610806229299996
장위2동,127.06492,37.614739
장위2동,127.038032244,37.615850387399995
장위2동,127.03719193709999,37.6160925583
장위2동,127.03714000049999,37.6154856509
장위2동,127.0371286153,37.6147442136
장위2동,127.0371149982,37.613977243499995
장위2동,127.0368319191,37.6263100731
장위2동,127.0478075576,37.622923477
장위2동,127.05731506149999,37.628520462
장위2동,127.05967823879999,37.6182338135
장위2동,127.063451105,37.619363316
장위2동,127.05482229360001,37.6289188127
장위2동,127.0569678053,37.595624173000004
장위2동,127.0568928567,37.5956612482
장위2동,127.0405848691,37.6119173238
장위2동,127.0404052229,37.6110199223
장위2동,127.0394407938,37.6086600452
장위2동,127.0403956785,37.6074502135
장위2동,127.04103085889999,37.6074568456
장위2동,127.040829,37.606631
장위2동,127.046122715,37.6091149077
장위2동,127.04546711219999,37.6113706184
장위2동,127.04489587440001,37.6119083067
장위2동,127.0439306201,37.6122197761
장위2동,127.04304498100001,37.6116020139
장위2동,127.0414159794,37.612020549
장위2동,127.0423605951,37.6043556295
장위2동,127.0412407894,37.6058750873
장위2동,127.038847725,37.6051689886
장위2동,127.0436972641,37.6166192546
장위2동,127.0481967359,37.6136553947
장위2동,127.0483028688,37.6233561997
장위2동,127.0643177157,37.6146171407
장위2동,127.0460835091,37.6205986866
장위2동,127.0458004834,37.6189432926
장위2동,127.04705027959999,37.6180947695
장위2동,127.0512423493,37.6186030455
장위2동,127.03128823530001,37.605972660300004
중곡3동,127.06609761909999,37.561130856300004
중곡3동,127.0748828032,37.5587645852
중곡3동,127.0849041555,37.5548902929
중곡3동,127.08773765149999,37.5808204757
중곡3동,127.0848414888,37.5810520374
중곡3동,127.0822020106,37.5812155446
중곡3동,127.0704082732,37.5788003907
중곡3동,127.0795988366,37.5702740161
중곡3동,127.085779835,37.5757992176
중곡3동,127.08622846969999,37.5786709091
중곡3동,127.0885263319,37.581214688
중곡3동,127.08110272889999,37.586933746199996
중곡3동,127.079666463,37.5831075202
중곡3동,127.0883594934,37.5848547946
중곡3동,127.088507,37.582642
중곡3동,127.0841403377,37.5729382205
중곡3동,127.07850901110001,37.5552146998
중곡3동,127.06428275559999,37.5697154664
중곡3동,127.0615576835,37.566114810100004
중곡3동,127.06841900149999,37.579746173800004
중곡3동,127.0604786789,37.5619517316
중곡3동,127.0612991303,37.5620313818
중곡3동,127.0786963234,37.5864011319
중곡3동,127.06140823870001,37.5727218289
중곡3동,127.06841111989999,37.5821565348
중곡3동,127.0815389967,37.5561793641
중곡3동,127.08245246,37.5560651252
중곡3동,127.07725996139999,37.5657663783
중곡3동,127.09337123190001,37.582266553400004
중곡3동,127.091856794,37.579280800300005
중곡3동,127.0886479206,37.5758714821
중곡3동,127.08649896850001,37.573455046599996
중곡3동,127.08605814879999,37.5712584642
중곡3동,127.0617053907,37.5780146378
중곡3동,127.0679535572,37.5725764788
중곡3동,127.0678605824,37.5772246127
중곡3동,127.067301912,37.578622704000004
중곡3동,127.06748056290002,37.5656655302
중곡3동,127.0733512876,37.5722095968
중곡3동,127.06828399850001,37.5823820434
중곡3동,127.0682877947,37.5801699358
중곡3동,127.0794972708,37.580268582399995
중곡3동,127.0753577739,37.5623409399
중곡3동,127.0713144844,37.5553341818
중곡3동,127.0860970309,37.567920473499996
중곡3동,127.0868057707,37.563976016
중곡3동,127.08835281649999,37.5548085902
중곡3동,127.07416804809999,37.579527543299996
중곡3동,127.0711175885,37.5713177133
중곡3동,127.0876333438,37.579662425
중곡3동,127.0895327626,37.5805004062
중곡3동,127.08321839790001,37.5706266296
중곡3동,127.08262852860001,37.568496221
중곡3동,127.0817243015,37.5668589489
중곡3동,127.08097672049999,37.565504527899996
중곡3동,127.08091383819999,37.5598621784
중곡3동,127.06519833690001,37.5710897324
중곡3동,127.0638358779,37.572682707800006
중곡3동,127.07976170129999,37.5850646138
중곡3동,127.0799599656,37.573523412
중곡3동,127.0801361152,37.5725064385
중곡3동,127.0800063612,37.5747380052
중곡3동,127.07993109270001,37.5853439458
중곡3동,127.0871174379,37.5620783933
중곡3동,127.0752251933,37.5546784824
중곡3동,127.0765174608,37.5571698474
중곡3동,127.0794125475,37.562616226799996
중곡3동,127.0785051723,37.560946104
중곡3동,127.07754105379999,37.5592111642
중곡3동,127.070212473,37.5723233448
중곡3동,127.0719091153,37.5751628182
중곡3동,127.07218777,37.5781616166
중곡3동,127.076933186,37.552074151
중곡3동,127.077101932,37.5528418978
중곡3동,127.06695570229999,37.5743481388
중곡3동,127.0653513207,37.5710932662
중곡3동,127.07254464379999,37.557489649699995
중곡3동,127.0901284341,37.5775056996
중곡3동,127.08775919909999,37.558325025
중곡3동,127.06944539879999,37.5841838714
중곡3동,127.07499129899999,37.5796980282
중곡3동,127.0810217656,37.578519309200004
중곡3동,127.0723858865,37.5635785277
중곡3동,127.0671090985,37.5611880779
중곡3동,127.0660346919,37.5635096956
중곡3동,127.0651110833,37.5726604815
중곡3동,127.08714455219999,37.5596828679
중곡3동,127.0839380816,37.5614341717
중곡3동,127.08327104709998,37.5639183589
중곡3동,127.0844445511,37.566080945799996
중곡3동,127.0854962983,37.5679664367
중곡3동,127.0903032993,37.5569174442
중곡3동,127.0911365713,37.556319742199996
중곡3동,127.0931520678,37.5548961701
중곡3동,127.075880031,37.5857367126
중곡3동,127.0668086466,37.573543519699996
중곡3동,127.07325172270001,37.553411110700004
중곡3동,127.07421661379999,37.553820391
중곡3동,127.0759998268,37.556171686300004
중곡3동,127.0925731251,37.5798573408
중곡3동,127.0781645923,37.5635920634
중곡3동,127.0729633081,37.5838702734
중곡3동,127.0758201401,37.569556141999996
중곡3동,127.07408504940001,37.5665633665
중곡3동,127.0704834921,37.5724069886
중곡3동,127.0654442145,37.572744607
중곡3동,127.058754743,37.5728729552
중곡3동,127.0690898711,37.5681874548
중곡3동,127.0700076998,37.569609596999996
중곡3동,127.071773474,37.5731119909
중곡3동,127.06941437479999,37.5689152374
중곡3동,127.08273817,37.5629278921
중곡3동,127.08191340209999,37.5623685767
중곡3동,127.0878522092,37.558423169099996
중곡3동,127.07010771719999,37.5845545536
중곡3동,127.08376354059999,37.5868182773
중곡3동,127.08337854979999,37.5849023747
중곡3동,127.0835638485,37.581812927399994
중곡3동,127.0826681615,37.5798189174
중곡3동,127.0763668617,37.576832308
중곡3동,127.076592,37.574947
중곡3동,127.0768292632,37.573045234
중곡3동,127.07276061809999,37.5685042341
중곡3동,127.0615051151,37.562001413699996
중곡3동,127.07162078309999,37.573209246
중곡3동,127.0925225918,37.580588534200004
중곡3동,127.0948013601,37.5601559483
중곡3동,127.0939576264,37.559136073699996
중곡3동,127.0930293718,37.5589265981
중곡3동,127.09170330959999,37.5586971831
중곡3동,127.0901363151,37.5590045613
중곡3동,127.0886714823,37.5589021611
중곡3동,127.08801427440001,37.5585311657
중곡3동,127.0775790025,37.5560618233
중곡3동,127.0761743393,37.5548765159
중곡3동,127.07036965459999,37.5648645467
중곡3동,127.0717625351,37.5665762833
중곡3동,127.0742209249,37.571115322
중곡3동,127.0733412775,37.5697761184
중곡3동,127.0708999315,37.5657672239
중곡3동,127.0842158562,37.5712020529
중곡3동,127.0826023266,37.5629378497
중곡3동,127.096058,37.562159
중곡3동,127.0955418801,37.5606772464
중곡3동,127.08756717920001,37.5540987456
중곡3동,127.0817148283,37.5563479303
중곡3동,127.0799407203,37.557921169299995
중곡3동,127.0863009207,37.5667630683
중곡3동,127.08722034770001,37.5614468159
중곡3동,127.08927205319999,37.5576560412
중곡3동,127.08935269870001,37.557695834099995
중곡3동,127.0874300416,37.5609405817
중곡3동,127.08705173620001,37.5632355794
중곡3동,127.086685053,37.565408733000005
중곡3동,127.0781417284,37.567025581399996
중곡3동,127.0814700959,37.5625158662
중곡3동,127.0879979441,37.557576328
중곡3동,127.077803378,37.5664182737
중곡3동,127.0723809293,37.5845407432
중곡3동,127.0740610673,37.582506036
중곡3동,127.06841047559999,37.5824543958
중곡3동,127.07297350280001,37.5790083717
홍제3동,126.9349840117,37.6024266451
홍제3동,126.9399620768,37.595280391799996
홍제3동,126.94434950040001,37.5884785983
홍제3동,126.9498032626,37.5831520609
홍제3동,126.94289344049999,37.591909401799995
홍제3동,126.9618276217,37.5982689981
홍제3동,126.947842775,37.5852070708
홍제3동,126.9515413573,37.5806225052
홍제3동,126.9489140557,37.5844295042
홍제3동,126.96128359379999,37.6024879601
홍제3동,126.9637111581,37.5955802677
홍제3동,126.9465737315,37.5923219945
홍제3동,126.93623775559999,37.5825692987
홍제3동,126.9361816074,37.5884457036
홍제3동,126.93490230959999,37.5862445784
홍제3동,126.95261571969999,37.5959313111
홍제3동,126.9585967697,37.6070445065
홍제3동,126.936209,37.579741
홍제3동,126.96475204379999,37.6045928919
홍제3동,126.94910810219999,37.5961411115
홍제3동,126.9694326007,37.5875738987
홍제3동,126.960969,37.604688
홍제3동,126.9456000633,37.5874084584
홍제3동,126.9408271232,37.5839243188
홍제3동,126.9622896284,37.607085034499995
홍제3동,126.96607156430001,37.6052849029
홍제3동,126.9583524446,37.5997667554
홍제3동,126.964027,37.592874
홍제3동,126.9703409831,37.5833029548
홍제3동,126.95921857709999,37.5995597419
홍제3동,126.9588889836,37.600614993899995
홍제3동,126.9447087429,37.5852144665
홍제3동,126.937354,37.582714
홍제3동,126.9671282401,37.5921935787
홍제3동,126.97259443889999,37.5879008533
홍제3동,126.97104371350001,37.5851124767
홍제3동,126.9705347538,37.5830818402
홍제3동,126.936070267,37.5810988181
홍제3동,126.9565956763,37.609642432
홍제3동,126.94432078770001,37.5885004054
홍제3동,126.96355709040002,37.604323661399995
홍제3동,126.9564551555,37.5965762892
홍제3동,126.9387808357,37.5901203324
홍제3동,126.9352100851,37.587384381599996
홍제3동,126.95643983139999,37.6083597993
홍제3동,126.9479686992,37.5940952781
홍제3동,126.94209075299999,37.5907359881
홍제3동,126.956362861,37.5968838672
홍제3동,126.9550658958,37.6016661222
홍제3동,126.9354290957,37.581375293
홍제3동,126.9369775525,37.5992587287
홍제3동,126.9439873519,37.5889877137
홍제3동,126.9451568514,37.5918243768
홍제3동,126.94710677120001,37.5926330108
홍제3동,126.93895706059999,37.5838559959
홍제3동,126.9497609139,37.6053195327
홍제3동,126.949388515,37.6036115084
홍제3동,126.94897327700001,37.6008811557
홍제3동,126.948399915,37.599450174
홍제3동,126.94671463120001,37.5981420408
홍제3동,126.9473754992,37.597028074
홍제3동,126.94830817450001,37.5966699945
홍제3동,126.9348333658,37.5808162987
홍제3동,126.9431449484,37.5894241041
홍제3동,126.9466785822,37.5911082307
홍제3동,126.94552241299999,37.589248151999996
홍제3동,126.9485551297,37.5952391237
홍제3동,126.9411831338,37.592139332100004
홍제3동,126.93522522290002,37.6016322357
홍제3동,126.9563933325,37.575576759499995
홍제3동,126.9346387811,37.592346793000004
홍제3동,126.9349203075,37.5917362165
홍제3동,126.9360680942,37.5809338309
홍제3동,126.9538245784,37.5897735158
홍제3동,126.9528882657,37.591038604
홍제3동,126.9520158782,37.5918432627
홍제3동,126.94962144549999,37.594188713600005
홍제3동,126.9485531218,37.5944287569
홍제3동,126.93607000989999,37.5848830717
홍제3동,126.935695439,37.5862693173
홍제3동,126.93640102110001,37.5877832085
홍제3동,126.9383025961,37.58916406
홍제3동,126.9436354139,37.5828346662
홍제3동,126.94465033030001,37.5918681616
홍제3동,126.9459823559,37.594653275
홍제3동,126.9486732635,37.5852486303
홍제3동,126.9511275217,37.5863278486
홍제3동,126.93267337290001,37.586971167
홍제3동,126.93330475879999,37.5870960917
홍제3동,126.9340551121,37.5871154882
홍제3동,126.93458825360001,37.586476606
홍제3동,126.96660833770001,37.581023839000004
홍제3동,126.9579491594,37.6062969015
홍제3동,126.9574984945,37.6051527285
홍제3동,126.95735030860001,37.6040312016
홍제3동,126.9575212198,37.6034067236
홍제3동,126.95784851239999,37.601990957
홍제3동,126.9557384547,37.6012662353
홍제3동,126.95700827809999,37.6000343037
홍제3동,126.93887304530001,37.5966301838
홍제3동,126.9551924048,37.5765294503
홍제3동,126.95371980870001,37.5758574123
홍제3동,126.9518444072,37.5745811958
홍제3동,126.9624033159,37.6080241273
홍제3동,126.93375021790001,37.5957041063
홍제3동,126.9341183847,37.5949281971
홍제3동,126.93643788440001,37.5890247029
홍제3동,126.93651737409999,37.589114542
홍제3동,126.9533976853,37.590497381599995
홍제3동,126.9508479766,37.5931087765
홍제3동,126.94288658149999,37.591190853600004
홍제3동,126.9507583137,37.5930266867
홍제3동,126.9532687848,37.5904735418
홍제3동,126.95636000370001,37.596732072399995
홍제3동,126.9542359392,37.5963407559
홍제3동,126.9502820509,37.596848317399996
홍제3동,126.94902351040001,37.5959625622
홍제3동,126.9432865532,37.582330748000004
홍제3동,126.93564354530001,37.5815326007
홍제3동,126.934752163,37.580877297600004
홍제3동,126.94341839110001,37.5921931643
홍제3동,126.9447633645,37.598246831
홍제3동,126.94543029809999,37.5973207474
홍제3동,126.94600506399999,37.5963196848
홍제3동,126.946358616,37.5960336917
홍제3동,126.9411862508,37.5920957672
홍제3동,126.94101550030001,37.5951691921
홍제3동,126.94210144200001,37.594359348299996
홍제3동,126.94504971180001,37.5969609571
홍제3동,126.95041566030001,37.5861982613
홍제3동,126.9496818285,37.5861599266
홍제3동,126.9316917084,37.5864403556
홍제3동,126.9325221141,37.586335879
홍제3동,126.9642468056,37.582079256
홍제3동,126.96137738770001,37.6042163468
홍제3동,126.9576747675,37.607877605300004
홍제3동,126.9569707206,37.6046124743
홍제3동,126.9571666115,37.6020376855
홍제3동,126.96371184290001,37.5947504113
홍제3동,126.95943757399999,37.5994997517
홍제3동,126.95875194290001,37.606703668
홍제3동,126.9608711635,37.6049105807
