,행정동코드,읍면동코드,자치행정동,자치구,행정동,거주인구수,거주인구비율,새벽생활인구수,새벽생활인구비율,아침생활인구수,아침생활인구비율,낮생활인구수,낮생활인구비율,저녁생활인구수,저녁생활인구비율,밤생활인구수,밤생활인구비율,총노인시설수
0,11110530,1101053,종로구 사직동,종로구,사직동,1834.0,0.1869,875.8710102,0.06263754449122948,1104.030338,0.05633982753677953,1437.354717,0.042983869262297594,1144.439123,0.04317874594468982,922.2042533,0.055170902971016726,0.0
1,11110540,1101054,종로구 삼청동,종로구,삼청동,641.0,0.2287,298.8502078,0.06779860862660067,319.41439239999994,0.06240777888658069,358.0212188,0.04710399321636602,279.70140019999997,0.049051517278374916,269.7568445,0.06346941864080802,2.0
2,11110550,1101055,종로구 부암동,종로구,부암동,1763.0,0.1751,1035.308758,0.06665240563180934,1028.421995,0.06654452506907349,925.1506194,0.06424838255143768,975.8579412,0.06755152763641338,1048.022034,0.0676856286145049,1.0
3,11110560,1101056,종로구 평창동,종로구,평창동,3407.0,0.1843,1379.958999,0.06891024853134152,1439.653999,0.07047377644383805,1406.4737289999998,0.07316079050068502,1373.420901,0.07316418082226855,1403.2747359999998,0.07044572186668852,6.0
4,11110570,1101057,종로구 무악동,종로구,무악동,1380.0,0.1638,530.9410774,0.06192584545978719,509.56415549999997,0.06264430355423495,420.14628619999996,0.06753870729692496,437.2822137,0.06977542014388038,500.0274346,0.06415036224035668,2.0
5,11110580,1101058,종로구 교남동,종로구,교남동,1584.0,0.1525,352.7444191,0.05514988039957686,360.4930296,0.05407842568209029,359.8478131,0.056831177286211655,374.4383183,0.05776235186445587,386.9977893,0.057314454695586846,2.0
6,11110600,1101060,종로구 가회동,종로구,가회동,876.0,0.2039,306.449589,0.06037724446848405,314.01380710000007,0.048694093179909324,360.87758660000003,0.038893633749464813,307.51698089999996,0.046625539322913495,297.0951911,0.05844951863642113,3.0
7,11110615,1101061,종로구 종로1.2.3.4가동,종로구,종로1.2.3.4가동,1942.0,0.2298,1182.2492869999999,0.05916445638808684,1882.779841,0.05378996234986584,4921.649086,0.054378242859224615,3129.18747,0.04670902008747215,1475.3443949999998,0.04990753264600996,15.0
8,11110630,1101063,종로구 종로5.6가동,종로구,종로5.6가동,,,625.5094551,0.06502093807005167,902.6085979000001,0.06914131132520429,1866.333818,0.07282082618319237,1176.267087,0.06641680580274827,719.2095702,0.06484260260909601,5.0
9,11110640,1101064,종로구 이화동,종로구,이화동,1340.0,0.1697,944.3972185,0.06188422717497255,1139.363427,0.059728377193716486,1562.030246,0.05063297608834248,1067.202205,0.04521795037130212,952.3576041000001,0.05622939856617472,6.0
10,11110670,1101067,종로구 창신1동,종로구,창신1동,1266.0,0.2164,630.8410069,0.06808780086642938,655.5311333999999,0.07359120014697389,870.3729468,0.08315149740252835,686.200689,0.07499358470253291,622.7900544,0.07054929807253375,3.0
11,11110680,1101068,종로구 창신2동,종로구,창신2동,1793.0,0.1909,786.3799761,0.07099386772054511,732.6973119,0.0709013235265486,665.6489735,0.0733708231625484,693.509707,0.07542812167138849,736.1593889999999,0.07216451154314452,3.0
12,11110690,1101069,종로구 창신3동,종로구,창신3동,1206.0,0.1741,338.59641489999996,0.062441691737514154,330.5875537,0.06092624717657629,259.65986069999997,0.062060027118530335,295.2713201,0.0672036198993025,323.2925188,0.0635497028934382,4.0
13,11110700,1101070,종로구 숭인1동,종로구,숭인1동,1206.0,0.1903,517.7808331,0.06661475421368346,512.5161228000001,0.06599289297443138,593.8146839,0.07261342958108706,588.0454308,0.06881330620891166,552.9821811,0.06653287448630182,2.0
14,11110710,1101071,종로구 숭인2동,종로구,숭인2동,1607.0,0.1599,781.1119669999999,0.06129410089586253,830.7712389,0.0628596740886211,1211.823708,0.07716909239250218,898.0075144,0.06961839749837298,782.5512981,0.06328149473587749,2.0
15,11110515,1101072,종로구 청운효자동,종로구,청운효자동,2149.0,0.1749,778.6832991,0.05348991066771454,813.2383535,0.051434173659093294,832.1326487000001,0.04741832490066188,772.7551411000001,0.05067178115949994,783.758793,0.054571156070527135,2.0
16,11110650,1101073,종로구 혜화동,종로구,혜화동,2715.0,0.1399,1222.935881,0.0456916418938821,1226.723108,0.04566300170054755,1213.289525,0.04133262292707275,1201.393894,0.03918707089225768,1202.231567,0.04325713600598539,6.0
17,11140520,1102052,중구 소공동,중구,소공동,300.0,0.0966,281.4560236,0.04235802594581896,609.982756,0.036904570536477874,1291.4414160000001,0.028698044500294454,665.7976151,0.026031419849416117,326.6722559,0.035787501205954704,1.0
18,11140540,1102054,중구 회현동,중구,회현동,1564.0,0.2726,506.8070181,0.06468490528269748,912.2864810000001,0.05940374049949561,2076.359173,0.05037282621460562,993.9908849,0.041554876070523786,607.3816691000001,0.054514619329771086,4.0
19,11140550,1102055,중구 명동,중구,명동,791.0,0.213,358.50683860000004,0.04696161461954638,785.3516772999999,0.04161930456097191,1652.531623,0.031839303416954026,885.2525608999999,0.02693311261471297,447.20987139999994,0.03725242579930606,0.0
20,11140570,1102057,중구 필동,중구,필동,884.0,0.1889,282.36510510000005,0.04388772101692805,391.13955830000003,0.046530735355443845,638.7798831,0.041554859925156194,416.1322272,0.03664435896932243,288.7668168,0.03973062985975113,1.0
21,11140580,1102058,중구 장충동,중구,장충동,854.0,0.1611,372.8523777,0.052147007298489714,490.81966009999996,0.055926430925343856,697.8580009,0.05176823646357255,515.9388368,0.04988516213316612,408.6642168,0.05267346737339457,2.0
22,11140590,1102059,중구 광희동,중구,광희동,1225.0,0.188,671.4612466,0.050158519039584126,939.8572182,0.058204834415977263,1645.465912,0.055764145562434586,1060.918181,0.045526130686941266,754.4819437000001,0.0467426448968402,3.0
23,11140605,1102060,중구 을지로동,중구,을지로동,511.0,0.2625,392.0955162,0.06603200241975281,775.9604153,0.07133763589008625,1946.250146,0.07289694852190325,1039.316701,0.059020628027110306,467.5736033,0.05837070887077673,1.0
24,11140650,1102065,중구 신당5동,중구,신당5동,1827.0,0.1684,612.2819843999999,0.05826107442183085,617.9474437000001,0.05757951516082874,694.0541886,0.06177650819420671,729.6326912999999,0.06025095093660774,654.6928537,0.05896386537176113,6.0
25,11140670,1102067,중구 황학동,중구,황학동,2045.0,0.1515,715.0973275,0.053588768160184624,760.5635162000001,0.05601937348333124,925.4245295,0.06685939532491791,800.2482115,0.06095207788782774,723.6800636,0.055385072754843216,2.0
26,11140680,1102068,중구 중림동,중구,중림동,2130.0,0.1688,460.92077170000005,0.057675648633643065,502.2820863,0.05821326587188524,560.1391328,0.0512515969530625,458.79515779999997,0.050395184617935046,424.43634929999996,0.05422104237192356,4.0
27,11140615,1102069,중구 신당동,중구,신당동,1479.0,0.1618,958.0197544,0.04055375747138682,1032.87859,0.05002068123695985,1290.192102,0.054052829122808975,990.8669239,0.04722769877923777,1015.7398390000001,0.04209604873540744,4.0
28,11140625,1102070,중구 다산동,중구,다산동,2706.0,0.1853,1037.914974,0.06926051191225281,1021.022202,0.06784269629360963,968.661642,0.06255120829068452,985.0127216,0.06397729760945543,1019.457826,0.06707974788023059,3.0
29,11140635,1102071,중구 약수동,중구,약수동,3823.0,0.2231,1393.834619,0.07688805525703686,1339.268644,0.07728117610030905,1170.841705,0.07852968883992838,1293.560462,0.08049880478241861,1396.721632,0.0782743005849828,6.0
30,11140645,1102072,중구 청구동,중구,청구동,2731.0,0.1936,829.1647347999999,0.05920895264414589,773.3136222,0.059545237064932574,648.1346161,0.06087418292866652,701.4361392999999,0.06429028488415336,795.9120287999999,0.06206419201349897,6.0
31,11140665,1102073,중구 동화동,중구,동화동,1897.0,0.1765,585.7689256,0.05920385998676528,593.0074037,0.05959350399450451,595.5724188999999,0.05938074468072769,622.0845881,0.060616793000545725,584.8869373,0.05929658294168081,1.0
32,11170510,1103051,용산구 후암동,용산구,후암동,3019.0,0.1692,870.8261489,0.05381024750601889,816.2836531,0.05245218112681349,700.2106911000001,0.0515690050080767,744.9130533,0.055259373067070884,816.867108,0.0544784995142375,3.0
33,11170520,1103052,용산구 용산2가동,용산구,용산2가동,2066.0,0.1834,686.6206062000001,0.05716501725758912,655.945648,0.05444172560650923,618.2734793,0.053754538530042965,663.4559757999999,0.055317767654880064,682.8629219,0.055671132052927126,4.0
34,11170530,1103053,용산구 남영동,용산구,남영동,1605.0,0.1994,490.14489610000004,0.05554311408699906,665.0642976,0.05404199556624639,946.1785361,0.05075167249757001,710.9685685,0.04503834612368157,534.3907455,0.05004127057645547,4.0
35,11170570,1103057,용산구 원효로2동,용산구,원효로2동,2382.0,0.1669,930.2199492999999,0.066045373978113,894.7635757999999,0.06375208610262088,769.2943657000001,0.05758283596009697,760.7001408,0.06300280998857843,834.0221876,0.06462988308852746,3.0
36,11170580,1103058,용산구 효창동,용산구,효창동,1477.0,0.1424,502.23537189999996,0.049107786237292686,530.1744784,0.050546686527748234,575.9425452,0.05554331478871755,610.2075482000001,0.054822054502071955,574.0452879,0.05112999293233493,4.0
37,11170590,1103059,용산구 용문동,용산구,용문동,2142.0,0.1738,652.6546611,0.056920280627634066,606.8310528,0.058593852466253815,516.696949,0.06506796290819963,551.1044421,0.06435140610269095,604.6144837999999,0.05910485402929829,6.0
38,11170630,1103063,용산구 이촌1동,용산구,이촌1동,4469.0,0.1567,1501.691992,0.05345073695421268,1633.473414,0.05592716655864206,1640.456001,0.06197414600108275,1560.711147,0.05654003995129017,1510.0549800000001,0.05337504936654425,10.0
39,11170640,1103064,용산구 이촌2동,용산구,이촌2동,1756.0,0.2035,552.6655536000001,0.07020334920449728,550.0695824000001,0.06579969890328233,453.1733848,0.06404590289863613,478.10763899999995,0.0634105563654756,528.9891921,0.06681650634977711,5.0
40,11170650,1103065,용산구 이태원1동,용산구,이태원1동,1557.0,0.1823,491.97183780000006,0.05093499726487583,531.2585282,0.05496519296595687,553.9927687,0.050686932150386645,504.5439049,0.042783286654497904,483.2408131,0.045621176512802473,5.0
41,11170660,1103066,용산구 이태원2동,용산구,이태원2동,1865.0,0.1741,637.6096866,0.05014735758050641,641.7999442,0.05141690483045015,605.1867941,0.05326006929719208,594.8359518,0.050683911357465396,624.0797391,0.050279224486368956,6.0
42,11170690,1103069,용산구 서빙고동,용산구,서빙고동,2104.0,0.1512,860.9542863,0.05487208886463239,997.6590008999999,0.05746387884066944,1104.5911800000001,0.0604370486395386,1035.4518130000001,0.05841431694564387,916.3264859999999,0.05622916135594734,8.0
43,11170700,1103070,용산구 보광동,용산구,보광동,2782.0,0.182,671.4723468,0.05527734266927483,630.1166757999999,0.054180952757200744,561.4600987000001,0.05663524420115037,599.5715527000001,0.058939656753244,648.5192867000001,0.05636623880876289,11.0
44,11170555,1103071,용산구 청파동,용산구,청파동,3346.0,0.1648,1103.014166,0.04959193071041126,1139.39153,0.04973444416085232,1147.287862,0.04873922723917199,1104.484463,0.04864700695259987,1093.89746,0.049349653627853825,5.0
45,11170560,1103072,용산구 원효로1동,용산구,원효로1동,1987.0,0.1187,825.2322347999999,0.0425735604960567,905.6490887,0.043938066113702996,1071.409824,0.04785961801547688,950.5560102,0.04578860540877647,880.4143388,0.04426155850911617,7.0
46,11170625,1103073,용산구 한강로동,용산구,한강로동,3322.0,0.1431,1251.3252300000001,0.04214837963397232,1600.313546,0.04303611800008568,2220.7167449999997,0.039179278821664165,1842.0862120000002,0.037141206647484416,1411.899083,0.04113799173014761,8.0
47,11170685,1103074,용산구 한남동,용산구,한남동,3696.0,0.1583,1353.440726,0.051870826511511516,1538.969041,0.05231265000930785,1659.8207439999999,0.04545331595146644,1499.819039,0.042323699421064905,1389.604655,0.048041336335170645,11.0
48,11200520,1104052,성동구 왕십리2동,성동구,왕십리2동,2579.0,0.1496,970.161435,0.05556487054103055,904.8733622000001,0.054895234729315165,780.340691,0.05658032616647588,856.5327607999999,0.05667318024472346,931.705317,0.05510129688734551,16.0
49,11200540,1104054,성동구 마장동,성동구,마장동,3870.0,0.1664,1346.118835,0.056870462315712356,1403.755907,0.05648389782567447,1436.0290380000001,0.062497416778527604,1390.124597,0.062423089472015754,1341.7415230000001,0.05842755976869475,13.0
50,11200550,1104055,성동구 사근동,성동구,사근동,1506.0,0.1128,687.6978746,0.03682229360970502,803.8103742000001,0.03900112963290705,923.7482015,0.03760076481183202,813.0406411,0.034940891128477265,733.0333741000001,0.035886903204845305,7.0
51,11200560,1104056,성동구 행당1동,성동구,행당1동,2130.0,0.1483,776.1806518999999,0.04954574631712554,856.295191,0.0507783486931061,1037.6724789999998,0.05251459622374096,988.9870458999999,0.04379394993101689,832.1049752,0.045448487035794724,7.0
52,11200570,1104057,성동구 행당2동,성동구,행당2동,3757.0,0.157,1316.0745,0.05660800002707395,1240.723308,0.05732588558256316,1039.5304800000001,0.06260313028828125,1149.102404,0.06263111063313921,1300.6293660000001,0.05854858534909166,5.0
53,11200580,1104058,성동구 응봉동,성동구,응봉동,2554.0,0.1624,870.0376616000001,0.060348575610841976,823.4307267,0.06073219851186958,642.0961175,0.06245550899569663,697.8559584,0.0646388355974637,793.9964100999999,0.060430473270058335,9.0
54,11200590,1104059,성동구 금호1가동,성동구,금호1가동,2603.0,0.1656,1023.919718,0.060883847016693526,1006.7352119999999,0.061458162552448486,938.7266416000001,0.06451499121588757,1057.665594,0.06538274047172436,1026.200922,0.0617456920601251,4.0
55,11200620,1104062,성동구 금호4가동,성동구,금호4가동,2337.0,0.1587,846.8152365,0.06568223808245816,822.5093192,0.06454713159469905,819.9304655000001,0.07015376247805664,866.8276281,0.06698932933641426,837.0204436,0.06395069319360776,11.0
56,11200650,1104065,성동구 성수1가1동,성동구,성수1가1동,2287.0,0.1332,722.2292639,0.04625637358115668,812.6243986000001,0.04682068208125138,927.7545518,0.044009943634015274,870.0043936000001,0.044465582232848445,792.4489356,0.046799430685002585,11.0
57,11200660,1104066,성동구 성수1가2동,성동구,성수1가2동,1918.0,0.1426,786.7139992000001,0.050078102894387355,923.6703682,0.049302310544360545,1042.392153,0.041118067582193815,974.6485614000001,0.04148443113071763,866.910235,0.04793784132263518,8.0
58,11200670,1104067,성동구 성수2가1동,성동구,성수2가1동,2896.0,0.1714,949.6095187999999,0.052272594445991326,934.3048982999999,0.04976962666177491,953.9146373,0.0448172109004472,939.6597863,0.04821712210530721,936.2747304999999,0.05184901840488864,8.0
59,11200690,1104068,성동구 성수2가3동,성동구,성수2가3동,1901.0,0.1669,1041.1015539999999,0.05292602707845233,1224.713308,0.04770990371345777,1472.781346,0.03336481758771013,1155.138727,0.03492733767943151,1023.2535109999999,0.04680812413991768,9.0
60,11200720,1104069,성동구 송정동,성동구,송정동,1770.0,0.1606,577.7917884999999,0.0490842775677393,565.5656534,0.04775754745453094,494.79507,0.048044225495884926,482.1866011,0.05103189765495145,539.7092131,0.05014080067583109,5.0
61,11200790,1104070,성동구 용답동,성동구,용답동,2170.0,0.1693,934.6728467,0.05415661594843694,1059.3976109999999,0.05483989085826653,1215.241583,0.0589542078071003,1184.668444,0.057797366465224216,1064.043442,0.055043131550035616,4.0
62,11200535,1104071,성동구 왕십리도선동,성동구,왕십리도선동,3722.0,0.1364,1478.98035,0.05047339663491892,1458.437439,0.051268433664413554,1365.065041,0.052159180960717644,1327.0954689999999,0.049755790577569604,1404.910886,0.0496507286845493,6.0
63,11200615,1104072,성동구 금호2.3가동,성동구,금호2.3가동,3900.0,0.16699999999999998,1431.1440710000002,0.0589921314966147,1340.639341,0.059095955678759055,1251.482488,0.06692283439119977,1382.551336,0.06648334749053067,1440.062653,0.060905595736701755,11.0
64,11200645,1104073,성동구 옥수동,성동구,옥수동,4068.0,0.1522,1732.630394,0.05827782567598527,1939.0275399999998,0.061637310554988896,1928.5363690000001,0.06904058797463099,1932.408382,0.06228275579176651,1832.613245,0.059113231018527515,13.0
65,11215710,1105053,광진구 화양동,광진구,화양동,2277.0,0.0892,1042.408873,0.03233197115572534,1111.892996,0.034598498994829946,1183.825666,0.03492421226877575,1152.1306869999999,0.0301347146514935,1092.727735,0.03140152840225135,2.0
66,11215730,1105054,광진구 군자동,광진구,군자동,2940.0,0.1355,812.5621529,0.04217913648261787,816.2888496,0.04217155084035185,864.6206321000001,0.04424886870750548,898.7731843,0.04450333850555989,854.7458762,0.04254272421410817,5.0
67,11215740,1105055,광진구 중곡1동,광진구,중곡1동,2465.0,0.1545,959.8354273,0.0565144300776284,921.7362425000001,0.05536159785805157,922.9067014000001,0.06021961247421508,992.0636481,0.05968886624133216,959.4349482000001,0.056627331593696956,2.0
68,11215750,1105056,광진구 중곡2동,광진구,중곡2동,3208.0,0.1454,1129.9603769999999,0.05423347447102876,1040.045694,0.054214559431011576,924.3535343,0.05857151952804443,965.4704870999999,0.05892201750685301,1052.2983769999998,0.05562465689529617,3.0
69,11215760,1105057,광진구 중곡3동,광진구,중곡3동,2793.0,0.1676,1151.844077,0.06581757881139323,1089.350762,0.06550362539147507,1041.134515,0.06923242129995598,1155.329186,0.06957302464586013,1162.536476,0.06636797163938528,1.0
70,11215770,1105058,광진구 중곡4동,광진구,중곡4동,4988.0,0.1697,1862.155625,0.06301129585672033,1715.0699739999998,0.061305268172165694,1582.8402820000001,0.06615745486750824,1754.6301649999998,0.06932559473707908,1866.1855420000002,0.0654883325648472,5.0
71,11215780,1105059,광진구 능동,광진구,능동,1589.0,0.1355,646.4377704,0.04811694202568219,733.0651457,0.050117236030494,912.0953273,0.05329093478180625,887.3365131,0.052908258288370695,760.5674881,0.050627570983825594,1.0
72,11215850,1105060,광진구 구의1동,광진구,구의1동,3067.0,0.1365,1249.6256720000001,0.045961117612389,1193.3047490000001,0.04646409746209866,1060.081363,0.05091049811133163,1126.651147,0.05026930874085135,1206.60747,0.04643430429404978,4.0
73,11215860,1105061,광진구 구의2동,광진구,구의2동,4248.0,0.1565,1462.747799,0.05914534171305445,1386.0460480000002,0.058862944930590126,1265.5503939999999,0.0629768443453827,1363.04654,0.06323291130873121,1430.360809,0.059588519939432476,3.0
74,11215870,1105062,광진구 구의3동,광진구,구의3동,3990.0,0.1362,1597.522613,0.04996645023212483,1594.199027,0.05007088483145721,1654.3565859999999,0.050581735971543265,1622.7283519999999,0.04709715994334848,1579.033449,0.04839835639267292,7.0
75,11215810,1105063,광진구 광장동,광진구,광장동,3719.0,0.1052,1669.387025,0.04213226502287847,1773.615285,0.0445463175124074,1844.5479239999997,0.049820717250951746,1814.1692879999998,0.04822767123873332,1727.763425,0.04423614664473116,20.0
76,11215820,1105064,광진구 자양1동,광진구,자양1동,3406.0,0.1452,1335.865701,0.05003244844329988,1264.352608,0.04901001069897549,1299.444907,0.05362461082398465,1387.7131259999999,0.054934772019956744,1372.4284619999999,0.05215832655478855,5.0
77,11215830,1105065,광진구 자양2동,광진구,자양2동,3899.0,0.152,1366.182235,0.05903405337530976,1297.040342,0.05785611590829755,1160.631317,0.05946739431109738,1201.0362810000001,0.05790844121354055,1280.882769,0.05727536335740758,10.0
78,11215840,1105066,광진구 자양3동,광진구,자양3동,4103.0,0.1424,1390.547448,0.055040605978286125,1360.4011699999999,0.05570513934985277,1252.150771,0.05532987816990053,1316.460619,0.05304075288154141,1344.320365,0.05365121694956806,13.0
79,11215847,1105067,광진구 자양4동,광진구,자양4동,3678.0,0.1753,1391.4267730000001,0.05887750908342757,1463.6790720000001,0.057978514020850566,1512.868178,0.05940226912897095,1571.90049,0.051967017980426244,1476.921423,0.05434119803334195,8.0
80,11230710,1106071,동대문구 회기동,동대문구,회기동,1510.0,0.1211,1107.190432,0.053698379181848166,1138.211992,0.053044339433189765,1139.621519,0.05002403294227379,1024.084879,0.0497184137297796,1066.27325,0.052183850180973684,1.0
81,11230720,1106072,동대문구 휘경1동,동대문구,휘경1동,2082.0,0.1353,751.5693505,0.050275615561650944,857.2948324999999,0.05176956877249676,972.1232521,0.06034289548184385,965.8663276000001,0.0563332579331386,840.6434298,0.05143079071484171,8.0
82,11230730,1106073,동대문구 휘경2동,동대문구,휘경2동,3934.0,0.1585,1284.6502269999999,0.056322262013318344,1269.115928,0.05768492542181587,1134.8326359999999,0.06161725579869695,1142.455739,0.06430853369499355,1241.433452,0.05908435797761246,8.0
83,11230705,1106080,동대문구 청량리동,동대문구,청량리동,5126.0,0.2594,1511.7801359999999,0.08627128979838036,1506.83979,0.0835574756015689,1733.721573,0.08627589436147069,1717.5568329999999,0.0890778556519347,1551.292418,0.08707189609533511,15.0
84,11230536,1106081,동대문구 용신동,동대문구,용신동,5591.0,0.1726,2188.853026,0.059654474229986286,2432.126745,0.060380830378356315,3194.795788,0.06847777251709836,2695.665644,0.06490141458062959,2359.417784,0.0613413356718663,6.0
85,11230545,1106082,동대문구 제기동,동대문구,제기동,5693.0,0.2138,2184.141863,0.07361283518438877,2281.061418,0.07418993770240595,2933.570201,0.08868697146683019,2389.4862789999997,0.08117688888237702,2199.874316,0.07546955563148523,5.0
86,11230560,1106083,동대문구 전농1동,동대문구,전농1동,5478.0,0.1824,1979.895655,0.06228979239132213,2016.7872719999998,0.062173002853515916,2286.471798,0.07011550088764759,2316.068862,0.06763394763945153,2133.1685429999998,0.06414283480675419,2.0
87,11230570,1106084,동대문구 전농2동,동대문구,전농2동,3605.0,0.1872,1048.130189,0.05945804174620556,1031.5029880000002,0.05933244905788203,971.6676867999998,0.05973825998439135,1022.146525,0.06223694882514399,1057.0736630000001,0.060666437285462345,8.0
88,11230610,1106086,동대문구 답십리2동,동대문구,답십리2동,5457.0,0.1875,1723.9333010000003,0.06527812349311016,1639.757176,0.06520402797630132,1531.387721,0.06772811743700034,1606.2980699999998,0.067922340301209,1663.852717,0.06550344956758997,16.0
89,11230650,1106087,동대문구 장안1동,동대문구,장안1동,6308.0,0.1617,2110.514782,0.05917782955136905,2070.930351,0.05845968271556763,2005.290962,0.05921515637636615,2003.165695,0.0591495064418741,2057.22345,0.05836113855606238,12.0
90,11230660,1106088,동대문구 장안2동,동대문구,장안2동,5093.0,0.1543,1609.647999,0.058630146507588195,1578.025594,0.05858619413302879,1644.152057,0.05976049591951508,1798.414635,0.059377201667565695,1696.282008,0.0585955685006897,11.0
91,11230740,1106089,동대문구 이문1동,동대문구,이문1동,3143.0,0.1527,1184.7049140000001,0.04887348906638744,1147.128569,0.04822534960910188,1007.469914,0.04510656415834828,1053.622085,0.04679908946267014,1141.499299,0.048037361401233096,8.0
92,11230750,1106090,동대문구 이문2동,동대문구,이문2동,3854.0,0.1865,1230.873485,0.06297607873210673,1168.4552800000001,0.06417781534603374,1004.3552050000001,0.07242119197341014,1072.561234,0.07134584199307938,1168.076775,0.06498561132598407,10.0
93,11230600,1106091,동대문구 답십리1동,동대문구,답십리1동,3994.0,0.1356,1387.067032,0.05180510210717575,1360.571235,0.05344875249209734,1290.663235,0.059730370620707934,1270.266379,0.05790893430125625,1308.282766,0.05339019661556591,9.0
94,11260520,1107052,중랑구 면목2동,중랑구,면목2동,4519.0,0.1805,1619.892732,0.06331409492893732,1475.307127,0.06240681760237086,1306.1681839999999,0.06581698391256721,1415.149637,0.0674274075243744,1528.5780960000002,0.06432236042311812,6.0
95,11260540,1107054,중랑구 면목4동,중랑구,면목4동,3681.0,0.1887,1374.069332,0.07163852191639747,1290.8526279999999,0.07111033649715119,1112.333527,0.07344006041596907,1196.463045,0.07513863789481573,1291.4359060000002,0.07182252013948219,8.0
96,11260550,1107055,중랑구 면목5동,중랑구,면목5동,2140.0,0.1454,651.3558387,0.060668941243657924,644.8076578,0.061128104944856945,656.3746113,0.0660442454299226,716.3693033,0.06714057792729736,670.7696081,0.062372869417501614,3.0
97,11260570,1107057,중랑구 면목7동,중랑구,면목7동,4217.0,0.1877,1573.9894980000001,0.06789871607079923,1467.154204,0.06797563499097746,1363.35673,0.07440623180056964,1533.573313,0.07463708815721568,1611.2497859999999,0.07055168381315682,12.0
98,11260580,1107059,중랑구 상봉1동,중랑구,상봉1동,3676.0,0.1483,1111.162471,0.05531429823401307,1102.12554,0.05592084678442672,1058.335069,0.059590619041967816,1122.957954,0.05987050312228127,1110.825305,0.055809187018891926,10.0
99,11260590,1107060,중랑구 상봉2동,중랑구,상봉2동,2995.0,0.1466,1295.003223,0.05813951245070565,1312.819363,0.05898018957208582,1508.633195,0.0642305487831045,1569.6626210000002,0.05974644857084569,1412.209351,0.05775332809017396,2.0
100,11260600,1107061,중랑구 중화1동,중랑구,중화1동,3564.0,0.1761,1326.71771,0.06669972006681656,1225.967852,0.0657366776201857,1029.587743,0.06740386045306392,1109.0368460000002,0.0718695988028237,1250.186054,0.0681810906193635,7.0
101,11260610,1107062,중랑구 중화2동,중랑구,중화2동,4974.0,0.1932,2247.701885,0.07653579536069402,2150.51557,0.07690323814115006,2012.5416260000002,0.08182241167678891,2190.3606210000003,0.0790283271776638,2234.908703,0.07613415002062504,5.0
102,11260620,1107064,중랑구 묵1동,중랑구,묵1동,5833.0,0.1654,1980.007391,0.06508036016291384,1841.0948329999999,0.06430091598404943,1594.255119,0.06660237044655656,1769.1438170000001,0.0684158410835319,1924.628454,0.0657583376209469,13.0
103,11260630,1107065,중랑구 묵2동,중랑구,묵2동,3527.0,0.1803,1393.598429,0.06979623125078281,1317.006889,0.07010407857891743,1238.851188,0.07540824844340917,1356.745892,0.07496723576532804,1390.4489939999999,0.07096570583624862,5.0
104,11260660,1107068,중랑구 망우3동,중랑구,망우3동,3331.0,0.1919,1085.467835,0.07105837038295408,973.2110712000001,0.0696564371385509,814.7732679999999,0.07161178049028473,842.7727039999999,0.07452821077747372,962.7117804,0.07217204386644563,2.0
105,11260680,1107069,중랑구 신내1동,중랑구,신내1동,6629.0,0.1689,2156.552797,0.057733421571400385,2081.5604789999998,0.05684992277589119,1849.2227440000001,0.058643470328333204,1976.1192629999998,0.05820318033073476,2099.548002,0.05743003722218892,19.0
106,11260690,1107070,중랑구 신내2동,중랑구,신내2동,3935.0,0.1867,1382.024895,0.06752522332407329,1339.64686,0.06822563567893489,1235.298614,0.06784790904106984,1254.243434,0.06858345848118842,1296.92048,0.0679437766954245,10.0
107,11260565,1107071,중랑구 면목본동,중랑구,면목본동,5971.0,0.1704,1999.208706,0.06048078152940077,1867.5233670000002,0.06038675069558588,1774.9249550000002,0.06686199415354421,1978.995321,0.06740505606023647,2030.3672530000001,0.06270767848175092,7.0
108,11260575,1107072,중랑구 면목3.8동,중랑구,면목3.8동,4893.0,0.1899,1463.9300289999999,0.06544315585614109,1365.280242,0.0650488576614702,1287.1643550000001,0.06746653794136434,1412.998246,0.06824547605188627,1449.6482449999999,0.06572579223139655,9.0
109,11260655,1107073,중랑구 망우본동,중랑구,망우본동,5956.0,0.1949,2489.715041,0.07095836561134035,2500.064125,0.07053681615865345,2678.43182,0.07372450186651229,2807.1913170000003,0.07549363116443919,2629.488459,0.07263797792878048,10.0
110,11290580,1108058,성북구 돈암1동,성북구,돈암1동,2845.0,0.1888,1192.1329230000001,0.07241262899831194,1112.421566,0.07184489377716215,885.765008,0.07240821039654809,955.8524118999999,0.07183368026579902,1094.95424,0.07130745876542907,1.0
111,11290590,1108059,성북구 돈암2동,성북구,돈암2동,3443.0,0.141,993.0165347999999,0.05064611874515279,915.7773063,0.051327027050788135,717.3900642000001,0.05565211621755165,813.9473045,0.05768307235726266,965.6739211000001,0.05289824789029851,11.0
112,11290600,1108060,성북구 안암동,성북구,안암동,2119.0,0.129,935.3338362,0.04441168810288389,1104.944243,0.04738538793149562,1253.0715699999998,0.04288834240038767,1079.440912,0.04166486631396753,1005.52555,0.04357898908037704,6.0
113,11290610,1108061,성북구 보문동,성북구,보문동,2400.0,0.1511,994.2309673000001,0.056297378420163,956.1344224999999,0.05632873056981568,870.5810411,0.05941822211884225,895.332768,0.059556096571224106,952.0247893999999,0.05707638052830866,7.0
114,11290620,1108062,성북구 정릉1동,성북구,정릉1동,3069.0,0.1646,952.1209663999999,0.05709390469547328,897.4889955,0.05729767620854706,814.7841352,0.06090205633727797,989.9185828,0.06331150695980295,1004.547549,0.05909539123969949,9.0
115,11290630,1108063,성북구 정릉2동,성북구,정릉2동,4354.0,0.1853,1554.329396,0.06572401371488555,1473.001818,0.06473380300996738,1296.275414,0.06870893829947791,1438.9252689999998,0.06972848470431631,1546.043899,0.0663419027367732,11.0
116,11290640,1108064,성북구 정릉3동,성북구,정릉3동,3221.0,0.1971,881.7173,0.056283058917887416,873.086531,0.05517859713890168,831.6862283,0.05292008372041152,864.0628488,0.057499022444645394,888.2475521,0.056807982563694466,3.0
117,11290650,1108065,성북구 정릉4동,성북구,정릉4동,4739.0,0.1847,1600.505277,0.07391749324186433,1505.467776,0.074081696334988,1276.5247,0.075573415664709,1390.8981199999998,0.0785973893614391,1527.3962900000001,0.07483586526657827,13.0
118,11290660,1108066,성북구 길음1동,성북구,길음1동,4419.0,0.12300000000000001,1797.6998170000002,0.044470412072265576,1720.155763,0.0452132457487958,1556.0152380000002,0.04985149714424299,1686.7817969999999,0.049452019985113796,1771.598271,0.04609167627540038,13.0
119,11290685,1108068,성북구 길음2동,성북구,길음2동,2503.0,0.1494,1039.051082,0.06529594205381771,1067.836695,0.06506320341542807,1130.47775,0.06641307023526143,1224.673909,0.06561437900030513,1152.6472880000001,0.06547703821264336,5.0
120,11290715,1108071,성북구 월곡1동,성북구,월곡1동,4612.0,0.1717,1498.166107,0.05759189274508437,1450.489655,0.05836017661089446,1326.104739,0.059395813468464204,1425.45321,0.06088167462555651,1493.406485,0.05881549913796048,9.0
121,11290725,1108072,성북구 월곡2동,성북구,월곡2동,3562.0,0.1765,1376.622854,0.061324848751182014,1370.762877,0.060460234694047855,1436.784651,0.06091245175275186,1553.82583,0.06261110821425045,1459.153055,0.06173466036097111,7.0
122,11290760,1108076,성북구 장위1동,성북구,장위1동,3941.0,0.1622,1294.3445279999999,0.06667316386994085,1206.465301,0.06649922030494584,1038.285914,0.07057752163684798,1149.211898,0.07437872762557388,1241.741796,0.06889087477027918,5.0
123,11290770,1108077,성북구 장위2동,성북구,장위2동,3065.0,0.2197,1039.361477,0.07578746256211055,1012.767156,0.07463766720029097,975.9634566,0.07633658277639448,1016.951828,0.07801341070481274,1020.6954949999999,0.07645800227931546,1.0
124,11290780,1108078,성북구 장위3동,성북구,장위3동,2153.0,0.1302,649.3672547,0.07232169297386155,617.647183,0.0710359810258279,556.9045545,0.07153234006276092,581.9618363,0.07238133753829186,620.9464742,0.07143530153451165,5.0
125,11290525,1108081,성북구 성북동,성북구,성북동,3087.0,0.1792,1293.0255769999999,0.06063341002729637,1319.900136,0.061117210792411295,1309.621582,0.06259870294919535,1299.199963,0.06259448924364308,1293.127244,0.06148098204885478,4.0
126,11290555,1108082,성북구 삼선동,성북구,삼선동,3873.0,0.1634,1189.886913,0.0478590680714288,1191.566634,0.047734774598861905,1265.51342,0.049283621382693085,1325.936211,0.048203277674544305,1255.610681,0.04741645955537746,8.0
127,11290575,1108083,성북구 동선동,성북구,동선동,2251.0,0.1396,1075.581708,0.04568922162724327,1124.953525,0.047122752122226455,1178.006907,0.04631035550984036,1216.243228,0.043767420146465,1128.084406,0.04511591765844634,4.0
128,11290705,1108084,성북구 종암동,성북구,종암동,6549.0,0.1612,2477.1149370000003,0.05610439406291984,2358.596828,0.05600986976827645,2093.549241,0.05823611845248646,2214.395849,0.05914282671603484,2364.778738,0.05620732173742361,16.0
129,11290810,1108085,성북구 석관동,성북구,석관동,6953.0,0.1923,2170.670123,0.06861143936220507,2091.503932,0.06837444353597252,2010.919504,0.07230745257522926,2174.598039,0.07352062872726506,2181.730778,0.07014580738385809,9.0
130,11305590,1109060,강북구 번1동,강북구,번1동,3538.0,0.1854,1347.851431,0.06596554943943027,1270.534546,0.0655917361884028,1247.1221369999998,0.06790710755510482,1325.516877,0.06873696386436164,1350.215776,0.06696922186225207,6.0
131,11305600,1109061,강북구 번2동,강북구,번2동,3941.0,0.2416,1234.5309359999999,0.07923101481138602,1127.3498439999998,0.07907152200728851,986.7635927000001,0.08185572058830524,1023.59005,0.08524994211759164,1130.563287,0.08173185631858171,10.0
132,11305606,1109062,강북구 번3동,강북구,번3동,4608.0,0.2668,1491.599123,0.08096572788529083,1366.15488,0.08100831215782293,1170.56757,0.0835145794746991,1263.996291,0.08277245250699683,1409.295353,0.08023769352694628,13.0
133,11305610,1109063,강북구 수유1동,강북구,수유1동,4348.0,0.2051,1589.89611,0.07484513994712107,1474.9978210000002,0.07349246513402066,1327.718421,0.07693253642143154,1414.833722,0.08202767008554519,1524.2073070000001,0.07753306486030054,5.0
134,11305620,1109064,강북구 수유2동,강북구,수유2동,4754.0,0.2202,1814.461525,0.08108802464670596,1639.913566,0.07988715405153271,1528.601933,0.0836385884251755,1705.05426,0.0838392315951849,1793.93167,0.0812442385241506,5.0
135,11305630,1109065,강북구 수유3동,강북구,수유3동,4571.0,0.1932,1735.9780489999998,0.06495231237643884,1775.721845,0.06652555710730702,1928.0026280000002,0.069653117891543,2023.701922,0.06573729679513815,1900.6626239999998,0.06472440236255994,4.0
136,11305534,1109069,강북구 삼양동,강북구,삼양동,4818.0,0.1976,1949.9027079999998,0.07207787325934857,1806.642831,0.07148674943929825,1608.875537,0.07544002228410886,1812.9758010000003,0.07776833525468298,1934.016491,0.07371322638334399,14.0
137,11305535,1109070,강북구 미아동,강북구,미아동,4404.0,0.1958,1741.0479559999999,0.07360567527162573,1715.135657,0.07343808025142798,1802.963269,0.0792968128610102,1899.218725,0.08022847534126717,1841.2300890000001,0.0763603590168018,7.0
138,11305545,1109071,강북구 송중동,강북구,송중동,5893.0,0.1932,2579.60568,0.0731929649463799,2438.207234,0.07150466682920621,2392.649648,0.07097914729233279,2588.877622,0.0714831299140726,2630.549828,0.07270301129837013,6.0
139,11305555,1109072,강북구 송천동,강북구,송천동,6081.0,0.2215,2169.948031,0.07715568273490185,2067.3450420000004,0.0756965267479962,2032.18605,0.0769821504188549,2174.995674,0.0792556281873837,2161.9303600000003,0.07756490688183311,10.0
140,11305575,1109073,강북구 삼각산동,강북구,삼각산동,4301.0,0.136,1607.9041619999998,0.058017073722095726,1479.959689,0.057954920713533364,1234.507515,0.060049392374842074,1351.026842,0.06172292329800856,1515.156821,0.05866055804489478,5.0
141,11305645,1109074,강북구 우이동,강북구,우이동,4728.0,0.22699999999999998,1597.750096,0.07655208802952497,1565.054379,0.07745798373200406,1508.35128,0.08281938867807015,1444.669575,0.08212846349333296,1527.302032,0.07896985032952544,4.0
142,11305660,1109075,강북구 인수동,강북구,인수동,6908.0,0.2217,2522.235198,0.07651434773070129,2370.0428629999997,0.07576892762288966,2088.053371,0.0769629479024952,2209.900941,0.07989504676014965,2396.517583,0.07736119437672438,8.0
143,11320660,1110051,도봉구 쌍문1동,도봉구,쌍문1동,4475.0,0.2042,1339.5276279999998,0.07233602510732672,1280.107876,0.07236134815659893,1208.725072,0.07493500510417876,1327.845955,0.07888769869108365,1357.475434,0.07485088735890894,14.0
144,11320670,1110052,도봉구 쌍문2동,도봉구,쌍문2동,3786.0,0.1986,1421.5820410000001,0.0699669114194713,1355.633935,0.07037564740237093,1228.048005,0.07206737819794898,1317.720871,0.07254884007787402,1414.312465,0.07068360025695439,8.0
145,11320680,1110053,도봉구 쌍문3동,도봉구,쌍문3동,3438.0,0.2036,1005.909433,0.06384566001326847,1003.575979,0.06254162229474049,1015.6103539999999,0.06812069628823628,1110.795501,0.06946161287062766,1087.923902,0.06615673417399856,7.0
146,11320681,1110054,도봉구 쌍문4동,도봉구,쌍문4동,2976.0,0.1569,1025.701426,0.06523763050228579,963.3769082999999,0.06502243935038962,835.7335131,0.06596847005656938,920.2112774,0.0705376360331669,974.5313484999999,0.0670087539627398,11.0
147,11320690,1110055,도봉구 방학1동,도봉구,방학1동,5663.0,0.1955,1858.7093550000002,0.07872158796352428,1812.6703300000001,0.07774341969709997,1890.852334,0.0761929056312827,2035.770387,0.07630996083542514,1937.865615,0.07670413049714686,11.0
148,11320700,1110056,도봉구 방학2동,도봉구,방학2동,4252.0,0.2112,1136.4814119999999,0.08133230433344245,1059.692668,0.08083020802828082,974.9543798000001,0.08308439882144371,1112.6154960000001,0.08743058519985107,1144.801594,0.08380024913205485,5.0
149,11320710,1110057,도봉구 방학3동,도봉구,방학3동,4905.0,0.1773,1918.2757190000002,0.0743358656772509,1757.766266,0.07462849290774431,1452.751301,0.0784325530560586,1548.9900599999999,0.08140811916625754,1778.368172,0.07679359080344123,16.0
150,11320511,1110059,도봉구 창1동,도봉구,창1동,4495.0,0.1786,1522.41517,0.06582991361315679,1514.6923259999999,0.06715228568149113,1463.3739369999998,0.07091872302515936,1564.514203,0.07195496570310228,1554.9137859999998,0.06781114297745752,6.0
151,11320512,1110060,도봉구 창2동,도봉구,창2동,5118.0,0.1726,2159.542539,0.06528741833224087,1986.825731,0.06491881831279724,1733.398972,0.06854299538492707,1953.05348,0.07049313094669324,2119.518391,0.06744434165178728,7.0
152,11320513,1110061,도봉구 창3동,도봉구,창3동,2893.0,0.203,951.5218179,0.0657718376518384,876.0156009,0.06593756490848672,781.9896132,0.06955229071639865,855.2643368999999,0.07154490768626845,922.1097873,0.06753900073863561,6.0
153,11320514,1110062,도봉구 창4동,도봉구,창4동,4147.0,0.1533,1876.6758559999998,0.05961231089234082,2063.996782,0.06218237986202074,2217.152,0.07298652653476016,2133.190734,0.07034177183816542,2044.802971,0.0638410499474643,8.0
154,11320515,1110063,도봉구 창5동,도봉구,창5동,4221.0,0.1685,1309.792219,0.06582921822551265,1331.424775,0.06644716024005758,1446.5767369999999,0.07034762955913688,1555.560915,0.06709802797818673,1444.599768,0.0655363075695787,12.0
155,11320521,1110064,도봉구 도봉1동,도봉구,도봉1동,5635.0,0.2624,1658.143942,0.0936766156863195,1655.922986,0.09228506758490523,1946.9082019999998,0.1062633030994869,1715.5950579999999,0.09907469649459788,1624.128724,0.09484030850433872,11.0
156,11320522,1110065,도봉구 도봉2동,도봉구,도봉2동,6356.0,0.2309,1753.838494,0.08529615541533125,1705.003641,0.08240454894139061,1616.7946880000002,0.0858235917326818,1717.8744359999998,0.08575781174796916,1778.008899,0.08408750158750425,14.0
157,11350560,1111051,노원구 월계1동,노원구,월계1동,4124.0,0.1827,1691.4131129999998,0.06223287245610126,1620.429672,0.06231942706026277,1505.1516060000001,0.06353008496432279,1673.0135480000001,0.0664187598260807,1723.825262,0.06411906737361539,18.0
158,11350570,1111052,노원구 월계2동,노원구,월계2동,5754.0,0.2105,1812.0853760000002,0.07760293850563853,1699.239917,0.07624939748595848,1402.117563,0.07513039828887492,1521.0653949999999,0.08150038039618152,1707.579617,0.07911250496423461,7.0
159,11350580,1111053,노원구 월계3동,노원구,월계3동,5984.0,0.1965,2120.1896079999997,0.06954853201702735,1996.771737,0.06900782774147741,1734.328373,0.07136547156603391,1820.542396,0.07182328455586869,1956.797473,0.07005778546388959,11.0
160,11350600,1111056,노원구 공릉2동,노원구,공릉2동,5209.0,0.1306,2211.201458,0.04940819348626214,2198.207356,0.04922623236801956,2027.714332,0.0485813027055761,2030.61101,0.05035662349541469,2135.61748,0.04949223974370955,22.0
161,11350611,1111058,노원구 하계1동,노원구,하계1동,4390.0,0.1587,1654.514508,0.05639154430860329,1654.730583,0.057669837810295804,1515.083995,0.058960459977919794,1484.191127,0.06138673816315791,1612.574401,0.05876073151246619,12.0
162,11350612,1111059,노원구 하계2동,노원구,하계2동,3154.0,0.1404,1019.014918,0.05385021771181609,993.6991345,0.05472562994601107,923.6796011,0.059836102238910074,1016.569324,0.061288807317907146,1033.881605,0.05627339630257168,4.0
163,11350619,1111060,노원구 중계본동,노원구,중계본동,2527.0,0.1026,899.0337844000001,0.036729055527480264,871.7611695,0.03744458326908758,812.8389373,0.03732419500900206,822.8426071,0.03412031589132257,861.8601687,0.03584741466541995,14.0
164,11350621,1111061,노원구 중계1동,노원구,중계1동,2289.0,0.0841,1121.0423349999999,0.037689248954273606,1078.4090800000001,0.03971974075296715,921.8609014,0.041312581513238626,903.569107,0.03602369820513218,1040.3642320000001,0.03695091990941609,13.0
165,11350624,1111064,노원구 중계4동,노원구,중계4동,3974.0,0.1938,1403.749882,0.0652205077303053,1291.6481509999999,0.06404051077271315,1170.22257,0.06528748603088425,1239.016317,0.06660747307846467,1345.863866,0.06502505572915021,10.0
166,11350630,1111065,노원구 상계1동,노원구,상계1동,6854.0,0.1763,3110.5288920000003,0.07115113356549932,2916.924227,0.07037357502866845,2750.6635420000002,0.0742045397412239,3016.974618,0.07479558171369095,3100.61873,0.07186290702359946,21.0
167,11350640,1111066,노원구 상계2동,노원구,상계2동,3277.0,0.1602,1728.606594,0.0640116148635807,1735.2849609999998,0.06516234042674082,1860.121646,0.06271744178803702,1952.81851,0.05768133570604318,1803.361845,0.06112038378534816,12.0
168,11350670,1111069,노원구 상계5동,노원구,상계5동,4937.0,0.2015,1663.828868,0.07068559179047258,1555.182801,0.06972143587903495,1511.000175,0.07504326462228793,1693.8365199999998,0.07556368650123799,1702.450853,0.07199811398149628,6.0
169,11350700,1111072,노원구 상계8동,노원구,상계8동,2822.0,0.1238,1133.897082,0.05270665776247392,1058.1681800000001,0.05379401043361072,868.4746575999999,0.0577583926103311,885.3574594,0.05664472078375779,1024.5658449999999,0.0532785382307911,4.0
170,11350710,1111073,노원구 상계9동,노원구,상계9동,3380.0,0.1613,1206.058028,0.059582262485295016,1121.392231,0.059671135746782684,935.4521087999999,0.0620448315196611,1024.883341,0.06369743243701345,1142.199068,0.0604445297449295,4.0
171,11350720,1111074,노원구 상계10동,노원구,상계10동,2574.0,0.138,875.7251523,0.058365238911933154,934.3181569,0.06026974853460886,967.9255514,0.059347703112544406,977.8515507000001,0.05677185702244977,922.7257890000001,0.05743958567623662,6.0
172,11350665,1111076,노원구 상계3.4동,노원구,상계3.4동,6084.0,0.2257,2020.397596,0.0857346773497673,1923.2654940000002,0.08542293587275182,1741.765559,0.08874349752765448,1892.058527,0.09049521882368709,1978.813345,0.08688502207201229,13.0
173,11350695,1111077,노원구 상계6.7동,노원구,상계6.7동,4943.0,0.1486,2415.280249,0.05747292799503121,2507.609891,0.058081150224778444,2742.911932,0.05830845979073725,2646.2255440000004,0.0566125839235,2537.891423,0.0571696710040402,9.0
174,11350625,1111078,노원구 중계2.3동,노원구,중계2.3동,7269.0,0.2073,2297.912102,0.06361394641251995,2229.2795170000004,0.06283435726001517,2082.326445,0.06187291532217551,2195.5098420000004,0.06288403978440632,2265.817584,0.06192945463227786,10.0
175,11350595,1111079,노원구 공릉1동,노원구,공릉1동,6361.0,0.1676,2967.146092,0.06436126674938991,2878.209202,0.06419686988755198,2800.531095,0.06682610424975709,3035.85538,0.06660839402235284,3050.040395,0.06479307233964023,19.0
176,11380510,1112051,은평구 녹번동,은평구,녹번동,6848.0,0.1823,2537.7067469999997,0.06563354451488053,2383.6611980000002,0.06493437155046967,2116.70992,0.06736730315324418,2203.701711,0.06764221435400704,2390.1477170000003,0.06589017555201451,10.0
177,11380520,1112052,은평구 불광1동,은평구,불광1동,7611.0,0.193,2607.602868,0.07038700299707427,2470.6998989999997,0.07021898307597557,2471.316206,0.07691652159522956,2781.468075,0.0780102524973852,2776.160902,0.07305520420148569,13.0
178,11380551,1112055,은평구 갈현1동,은평구,갈현1동,4392.0,0.1908,1625.608514,0.06619997309231156,1620.146263,0.0651031512737206,1640.2355929999999,0.06988587346381708,1792.663268,0.06816817556626284,1757.600241,0.06604901579614457,5.0
179,11380552,1112056,은평구 갈현2동,은평구,갈현2동,4909.0,0.1696,1666.603215,0.05761388980521124,1515.669111,0.05770398788566335,1272.85622,0.05877589282571488,1416.0241310000001,0.059667557838004884,1575.345413,0.05842472766035071,7.0
180,11380560,1112057,은평구 구산동,은평구,구산동,6055.0,0.1859,1932.3644960000001,0.06425289422793802,1816.1014129999999,0.06320794533438388,1594.772655,0.06323530274478771,1663.901939,0.06653314448994509,1799.498059,0.06431559755590716,5.0
181,11380570,1112058,은평구 대조동,은평구,대조동,5040.0,0.183,2233.679882,0.06012327413879944,2155.040766,0.061153027633381166,2088.473734,0.06708014208565394,2242.808133,0.06539178572096634,2283.696073,0.06178759640237456,5.0
182,11380580,1112059,은평구 응암1동,은평구,응암1동,4813.0,0.1549,1615.451882,0.05412089130870927,1497.70541,0.053649211081457454,1359.854949,0.05737450641417265,1433.787684,0.05635831496495592,1534.05754,0.054497198088672635,4.0
183,11380590,1112060,은평구 응암2동,은평구,응암2동,3813.0,0.1373,1042.672166,0.04978142853369438,968.6844204,0.04980866049865586,806.0434468,0.05196335150420004,865.6295604000001,0.05225275470287662,950.7387279,0.04937297922328567,4.0
184,11380631,1112065,은평구 신사1동,은평구,신사1동,4828.0,0.1753,1566.5299519999999,0.059752219382424775,1485.336223,0.059508178155954584,1387.73233,0.06413334359954365,1592.902762,0.06536546169644507,1629.798925,0.061718380716778515,9.0
185,11380632,1112066,은평구 신사2동,은평구,신사2동,3795.0,0.1832,1291.650729,0.0707065178656844,1229.975384,0.07072464759797514,1021.866185,0.07278076865702926,1087.9930980000001,0.07486608610313869,1187.915867,0.07115810342644802,9.0
186,11380640,1112067,은평구 증산동,은평구,증산동,3081.0,0.2017,953.5681391,0.07075729695500403,940.4609969,0.06969652138691215,884.5159866,0.07467920645754261,955.0874307,0.07609043026482001,949.4908646,0.07201402756347004,6.0
187,11380650,1112068,은평구 수색동,은평구,수색동,2049.0,0.1813,732.0823343,0.05903683187635542,748.0222057,0.05656252322099594,701.1281061000001,0.060198685485475856,719.7791125,0.059873082525525964,738.0016287000001,0.059519161698168434,8.0
188,11380690,1112071,은평구 진관동,은평구,진관동,8171.0,0.1441,3441.8665189999997,0.05189618929928556,3514.747946,0.053271700353191884,3527.1867829999997,0.05816575322276604,3510.8663890000003,0.05622154786564623,3491.981101,0.05337002058023933,32.0
189,11380530,1112072,은평구 불광2동,은평구,불광2동,5920.0,0.2081,1791.7632350000001,0.06961375495007498,1635.2932859999999,0.0688787830325849,1435.0303390000001,0.07286649972619025,1517.389572,0.07394146247112389,1644.357561,0.0700878176177182,6.0
190,11380600,1112073,은평구 응암3동,은평구,응암3동,5548.0,0.22,1676.247335,0.0635481082451957,1575.774296,0.06373936208471587,1542.732315,0.07101358064646475,1716.896061,0.0717614487332313,1759.7053460000002,0.06642178367770896,4.0
191,11380625,1112074,은평구 역촌동,은평구,역촌동,8267.0,0.1778,2795.8673949999998,0.05738017848899727,2596.5233399999997,0.05692590570459167,2314.753582,0.05954120990722889,2580.648692,0.06063013156387872,2750.905401,0.058447391605573745,3.0
192,11410520,1113052,서대문구 천연동,서대문구,천연동,3170.0,0.1802,1026.089072,0.05582382336863874,1078.037076,0.05830170980865545,1107.666403,0.06365883377499873,1097.7230789999999,0.061727933397503376,1070.376908,0.0577334903953318,13.0
193,11410620,1113062,서대문구 홍제1동,서대문구,홍제1동,4496.0,0.1853,1629.132071,0.061120709515237584,1584.3847759999999,0.06163390371587028,1488.837999,0.06724166747522392,1545.745326,0.06647705013653514,1608.889252,0.06243396605968599,5.0
194,11410640,1113064,서대문구 홍제3동,서대문구,홍제3동,3617.0,0.23,1316.270751,0.07457589163574287,1273.312525,0.0739141499952067,1238.64888,0.07774838246231794,1327.946801,0.07728771127406583,1340.512721,0.0748325366160054,2.0
195,11410655,1113065,서대문구 홍제2동,서대문구,홍제2동,2684.0,0.1903,689.8881504999999,0.060696510633862465,635.7963992000001,0.062245649911000955,525.0865163999999,0.06637607069985393,583.2834914,0.06366986762666862,657.2035539,0.06053463299112049,21.0
196,11410660,1113066,서대문구 홍은1동,서대문구,홍은1동,4481.0,0.1939,1163.1826119999998,0.06509604143330955,1076.121863,0.06640828768367482,880.9729645,0.07161927205861421,952.5838207999999,0.0718697954191753,1074.040133,0.06670748243963348,5.0
197,11410685,1113068,서대문구 홍은2동,서대문구,홍은2동,5116.0,0.1859,1694.838842,0.061321042179487924,1673.5286640000002,0.06061403285981947,1563.6947890000001,0.062003176859552186,1683.459523,0.06451941878515216,1727.8630489999998,0.06237969625707016,13.0
198,11410690,1113069,서대문구 남가좌1동,서대문구,남가좌1동,2095.0,0.1321,822.323932,0.045752042328310615,782.8700195,0.04643559667137513,746.0366468,0.05163464960825992,786.777242,0.050567318644132844,792.2867191,0.04664531956865262,1.0
199,11410700,1113070,서대문구 남가좌2동,서대문구,남가좌2동,4757.0,0.1552,1021.4534779999999,0.052354976164212884,1004.8595640000001,0.0532564380967254,1000.068734,0.056577564422680804,1085.168902,0.05641466211549287,1063.789641,0.05329462573804758,12.0
200,11410710,1113071,서대문구 북가좌1동,서대문구,북가좌1동,2921.0,0.1583,821.2726947000001,0.05256917338361106,797.5184912000001,0.052428445645010854,752.9941892999999,0.05704207533440487,823.578497,0.05826029507974393,828.6610891,0.053313945011987295,4.0
201,11410720,1113072,서대문구 북가좌2동,서대문구,북가좌2동,6279.0,0.1923,2464.7371120000003,0.06179212938405076,2307.110721,0.06135910671179149,2082.486473,0.06439115590915225,2367.405398,0.06491787268634076,2493.603887,0.06186586423801881,15.0
202,11410565,1113073,서대문구 충현동,서대문구,충현동,3337.0,0.1589,1341.166728,0.05050958844645351,1537.408035,0.04765395338108281,1887.462088,0.040453990179180936,1705.188125,0.043563930926700196,1449.8814710000001,0.0496200079192683,6.0
203,11410555,1113074,서대문구 북아현동,서대문구,북아현동,2236.0,0.1341,1609.443541,0.04595194846179857,1623.146234,0.044431038854763315,1567.354976,0.03901534124473126,1428.0577150000001,0.043747078981915065,1580.834572,0.046834237658153886,5.0
204,11410585,1113075,서대문구 신촌동,서대문구,신촌동,2106.0,0.0925,1289.861823,0.03707808308290037,1628.335567,0.039739940039824555,2124.271877,0.03610732564783914,1594.459218,0.03036268089682249,1373.5415050000001,0.0341128401073025,4.0
205,11410615,1113076,서대문구 연희동,서대문구,연희동,6145.0,0.1599,2030.0637960000001,0.0491559843602903,1991.778293,0.048827669277985215,1889.8515530000002,0.05038485064241453,1868.4801489999998,0.05060579878440979,1941.445599,0.04955261947353533,11.0
206,11440590,1114059,마포구 용강동,마포구,용강동,2947.0,0.133,1287.145407,0.046887558654190135,1325.156577,0.047877238831039705,1316.341782,0.04593805792461664,1288.722957,0.04418836600128203,1276.112903,0.04555354771029976,8.0
207,11440600,1114060,마포구 대흥동,마포구,대흥동,2066.0,0.1316,664.7431057,0.03716042746597063,756.5124167,0.039787371419890825,937.8883712999999,0.040992118263039556,856.4141297,0.038979600838559544,743.7594736000001,0.03829589115927657,8.0
208,11440610,1114061,마포구 염리동,마포구,염리동,1778.0,0.1328,495.5330741,0.039598680716600256,509.26135,0.03988113779702724,544.7774873999999,0.04040763453936692,514.1429731000001,0.041077450149611894,483.8910936000001,0.04008361803711619,8.0
209,11440630,1114063,마포구 신수동,마포구,신수동,3278.0,0.1412,981.4739312,0.04619766214275047,917.7318787999999,0.0452842619713543,810.0589859,0.046497227142027996,847.4132135,0.04766918207329096,915.6637337000001,0.0463642756693123,11.0
210,11440660,1114066,마포구 서교동,마포구,서교동,3355.0,0.1257,1554.007759,0.035111624814362245,1820.8927649999998,0.038574481198277125,2381.931418,0.03139635256942337,2211.332801,0.02582265553103794,1850.622502,0.031471805642681754,5.0
211,11440680,1114068,마포구 합정동,마포구,합정동,2652.0,0.1468,839.6156787999998,0.04442679310915314,960.9522322,0.04625338639209916,1022.5240029999999,0.043415876943079246,925.7841138,0.03725767749130289,837.8957009,0.04028576736706815,3.0
212,11440690,1114069,마포구 망원1동,마포구,망원1동,3352.0,0.1604,1039.075746,0.04884313125960478,973.8656386,0.049102871197709314,889.6971781999999,0.05203543420892022,937.5728075999999,0.04934066659419336,1008.990888,0.048741305290205005,5.0
213,11440700,1114070,마포구 망원2동,마포구,망원2동,3089.0,0.1627,940.8732028999999,0.04891296123281333,909.5226278999999,0.04911919535382186,890.2057792000002,0.05380763231926246,968.2690602,0.052869761399818915,955.5833054999999,0.049919928936642634,4.0
214,11440710,1114071,마포구 연남동,마포구,연남동,2469.0,0.15,926.4755312000001,0.044127021837742475,863.1060955,0.04355615868031489,709.8947234,0.038214748488732325,761.1081473999999,0.03721044685033931,851.8397581,0.04208423947259331,5.0
215,11440720,1114072,마포구 성산1동,마포구,성산1동,2907.0,0.1494,1102.779174,0.04722049428022398,1105.886308,0.04790883358117152,1025.642467,0.047375000336382755,1051.5851949999999,0.04888681781879603,1074.904202,0.04757638332701215,5.0
216,11440730,1114073,마포구 성산2동,마포구,성산2동,6129.0,0.1521,1929.5336670000002,0.051094018994591865,1926.385718,0.051549755269054046,1923.770968,0.05727601037350833,1903.9871620000001,0.05566987293877204,1917.127759,0.05271641980996583,18.0
217,11440740,1114074,마포구 상암동,마포구,상암동,3870.0,0.1228,1507.81819,0.04054924965018949,1722.977443,0.03971021773045499,1881.295111,0.03271508733440899,1717.421022,0.03519880939842895,1557.0878460000001,0.03907056610022213,6.0
218,11440585,1114075,마포구 도화동,마포구,도화동,3625.0,0.1671,1249.67654,0.0563393758001135,1263.888512,0.05739441127205422,1252.391154,0.05687632774624069,1261.274574,0.05503143249534585,1245.885823,0.05543693064903536,11.0
219,11440655,1114076,마포구 서강동,마포구,서강동,3138.0,0.12300000000000001,1167.4934050000002,0.04083217960906382,1180.745911,0.04187220843345242,1111.498593,0.041649213853456164,1091.553751,0.039739435429811655,1127.206273,0.03997367181667219,9.0
220,11440565,1114077,마포구 공덕동,마포구,공덕동,5792.0,0.1516,2002.2170899999999,0.05188500143699911,1942.933412,0.051124974790747665,1810.3528829999998,0.04909926160097834,1785.5095469999999,0.05066840988939708,1909.245946,0.0515668840511441,15.0
221,11440555,1114078,마포구 아현동,마포구,아현동,3047.0,0.1172,1183.553299,0.04398198963522032,1236.735866,0.04391518133004689,1273.918784,0.044054599704280245,1251.4566550000002,0.04469710126330081,1224.331692,0.04446166111700141,13.0
222,11470510,1115051,양천구 목1동,양천구,목1동,3158.0,0.1005,1548.8566449999998,0.04301583324863095,1756.932104,0.0442764235039975,2115.168162,0.041394826394610486,2031.1878149999998,0.038224774052168856,1773.0321760000002,0.04174605194237668,17.0
223,11470520,1115052,양천구 목2동,양천구,목2동,4072.0,0.1337,1457.480942,0.050704301806570956,1352.092244,0.051221006954274825,1115.129738,0.05536191904286159,1226.309358,0.05645055290035979,1354.903607,0.05219355279701706,10.0
224,11470530,1115053,양천구 목3동,양천구,목3동,3260.0,0.1455,1119.059478,0.053740944882958,1131.9030289999998,0.05463551287490331,1186.482302,0.060399375065197235,1326.178303,0.060812348019147,1262.6201449999999,0.055849376341521983,5.0
225,11470540,1115054,양천구 목4동,양천구,목4동,3234.0,0.1245,945.8674956,0.04561482723050175,894.1978363,0.0460522989207715,838.3500288,0.049916310014440426,922.8937927999999,0.05122677553166255,963.3438501,0.04785530360345549,7.0
226,11470560,1115057,양천구 신월1동,양천구,신월1동,4094.0,0.195,1287.1755130000001,0.07270115885553022,1186.258188,0.07300757428983921,1053.371368,0.07656708094329219,1151.246589,0.07883749225146708,1219.4662369999999,0.07436408502623275,11.0
227,11470570,1115058,양천구 신월2동,양천구,신월2동,3791.0,0.1792,1154.617342,0.06564278837912596,1059.373799,0.06538779972036092,955.9948310000001,0.06874327758028989,1052.223993,0.07041268253419256,1102.292328,0.0665246668467454,9.0
228,11470580,1115059,양천구 신월3동,양천구,신월3동,2937.0,0.1877,931.0651436,0.07039297863455996,907.5402767999999,0.06793137406028525,910.4454900000001,0.06929365341638805,994.8533962000001,0.07338390726303895,976.7474223999999,0.07103609697575514,4.0
229,11470590,1115060,양천구 신월4동,양천구,신월4동,3209.0,0.1753,992.2968442,0.06468740598869303,876.9976977,0.063974777614372,757.0028308999999,0.06884594312700651,810.6517091,0.0673670935247738,901.7541133999999,0.06465830306314996,10.0
230,11470600,1115061,양천구 신월5동,양천구,신월5동,2377.0,0.158,764.4992976,0.062273312672394956,730.2327456,0.06136442511003272,685.3721172999999,0.06287144230993094,736.7790421,0.06826387359504332,744.3786739,0.06431884546756451,2.0
231,11470610,1115062,양천구 신월6동,양천구,신월6동,1746.0,0.1261,310.6921564,0.06702356239059076,344.7239731,0.06576203415544961,413.82911980000006,0.06691726309791039,436.2728285,0.06830553115912724,363.7855941,0.06607037176977494,5.0
232,11470611,1115063,양천구 신월7동,양천구,신월7동,4311.0,0.2116,1360.528186,0.07247331432305082,1257.122719,0.07165504230771601,1102.037445,0.07295755746683119,1262.978987,0.07503429969663092,1376.844689,0.07221754901634053,7.0
233,11470620,1115064,양천구 신정1동,양천구,신정1동,2630.0,0.1269,931.526514,0.049254666839249256,933.9788672000001,0.05010778733123434,930.5653518999999,0.05424018170314399,978.5842269,0.05154767935441695,962.8352116000001,0.04984939729659333,18.0
234,11470630,1115065,양천구 신정2동,양천구,신정2동,2518.0,0.1268,807.7013870000001,0.0495350728654243,752.5755614,0.049564560335023204,712.4226847,0.05229586571608025,765.022555,0.05250461095453733,799.9401637,0.05052755580683356,12.0
235,11470640,1115066,양천구 신정3동,양천구,신정3동,7115.0,0.1435,2560.011491,0.05934704648717205,2469.111547,0.05940116941828765,2195.358718,0.06220817224047022,2298.613433,0.06449435086252507,2472.790357,0.06110806931077531,19.0
236,11470670,1115069,양천구 신정6동,양천구,신정6동,2688.0,0.1081,982.6310025,0.04872486402759242,970.9737183,0.05014414421490922,847.9770970000001,0.04872785642607162,879.9557347000001,0.047848260651151754,931.8948720000001,0.04837733042745202,3.0
237,11470680,1115070,양천구 신정7동,양천구,신정7동,4875.0,0.1643,1614.778463,0.06094056928338476,1567.577895,0.06102399640632574,1472.927198,0.06305155778147944,1636.133991,0.06434120121250549,1680.107494,0.06240174409441169,10.0
238,11470550,1115071,양천구 목5동,양천구,목5동,4448.0,0.1062,1911.6979489999999,0.04374478616971246,1934.094329,0.045814607805046044,1789.0220530000001,0.04582778701735665,1754.232566,0.042158174771776094,1835.6864100000003,0.04244801571871949,5.0
239,11470650,1115072,양천구 신정4동,양천구,신정4동,5768.0,0.1706,2115.296921,0.059988201004443645,2024.9464010000002,0.05900818347323788,1939.440567,0.061248289514493716,2053.877909,0.06179254292038891,2089.643584,0.06021509677793065,4.0
240,11500510,1116051,강서구 염창동,강서구,염창동,4233.0,0.1006,1408.481669,0.041190886068696635,1444.205963,0.042763213546505294,1386.7287939999999,0.04629020024092255,1488.782104,0.04654382888736691,1507.01991,0.04309323127322562,34.0
241,11500520,1116052,강서구 등촌1동,강서구,등촌1동,2826.0,0.1159,1100.600592,0.04634281019361311,1067.412507,0.04736445583754074,1011.682825,0.0494639516400165,996.756656,0.04879438189913471,1031.0336730000001,0.04668571772964544,12.0
242,11500530,1116053,강서구 등촌2동,강서구,등촌2동,3093.0,0.1488,1206.44403,0.059492523174258516,1101.538086,0.058807492647501104,853.7407427999999,0.05892757774279701,903.5462693,0.06327716109488682,1061.198714,0.060232242378964546,7.0
243,11500535,1116054,강서구 등촌3동,강서구,등촌3동,6570.0,0.2101,2154.3562460000003,0.07354919207604936,2152.713303,0.06943977603245231,2293.862285,0.06072652617676071,2263.902034,0.06333873343555785,2209.7045190000003,0.0702913185691496,21.0
244,11500590,1116055,강서구 화곡본동,강서구,화곡본동,4749.0,0.1362,2059.590515,0.060426444544480325,1923.4023379999999,0.060747439081339435,1676.1134960000002,0.06636616641607923,1826.734253,0.06682145886032625,1986.216877,0.06246216239722771,7.0
245,11500550,1116057,강서구 화곡2동,강서구,화곡2동,2821.0,0.1527,917.6851941,0.058983326826530354,838.3351781,0.05813735154586556,699.2194837000001,0.05994843414882174,765.2115980000001,0.06277194216153271,831.2755950000001,0.060120410810509936,2.0
246,11500560,1116058,강서구 화곡3동,강서구,화곡3동,3960.0,0.183,1367.001263,0.07198029734795358,1280.692811,0.07089245308557363,1161.678799,0.07214097993809426,1279.735319,0.0709628667173317,1364.118344,0.0702353458869159,5.0
247,11500570,1116059,강서구 화곡4동,강서구,화곡4동,3753.0,0.1767,1390.051688,0.06690164309971214,1237.272526,0.06454215177031042,1083.474564,0.06727754162968422,1230.537767,0.07107765969160035,1341.583203,0.06783095151144994,4.0
248,11500591,1116061,강서구 화곡6동,강서구,화곡6동,3828.0,0.1529,1466.325758,0.06444808288447311,1414.85885,0.0644166266905308,1287.055758,0.06546428774434278,1304.05812,0.06533953213781173,1391.436455,0.06291412815820333,6.0
249,11500593,1116063,강서구 화곡8동,강서구,화곡8동,4377.0,0.1734,1831.650959,0.06279894487089657,1791.8549280000002,0.0632115886693099,1648.438871,0.06840195446415484,1926.8412289999999,0.0687973147487289,1983.7924289999999,0.06466621499543351,10.0
250,11500603,1116064,강서구 가양1동,강서구,가양1동,3005.0,0.0872,1398.76473,0.040657672668544476,1614.432423,0.041743973769217714,1830.2741899999999,0.038717700442591166,1711.8827670000003,0.040009359133798245,1555.149881,0.04117001483795881,24.0
251,11500604,1116065,강서구 가양2동,강서구,가양2동,3898.0,0.2718,1249.1385699999998,0.08863042662898644,1308.269299,0.08506567116311808,1340.426342,0.0837743599632807,1397.357424,0.0841895988808942,1326.4976550000001,0.08499694961651869,7.0
252,11500605,1116066,강서구 가양3동,강서구,가양3동,3603.0,0.2337,892.4346141000001,0.0746286349291655,810.4489507999999,0.06991755820202336,672.5269631,0.06269921299094254,701.248592,0.06944404918611312,823.5897245,0.07371662870199497,8.0
253,11500611,1116067,강서구 발산1동,강서구,발산1동,4644.0,0.1258,1583.485591,0.04511172955491575,1658.937167,0.04549831616586128,1652.264033,0.04425838799977762,1600.952384,0.04554146896429094,1565.996999,0.044982322367277804,9.0
254,11500620,1116069,강서구 공항동,강서구,공항동,3911.0,0.133,1676.635936,0.05094966194048241,1757.2585960000001,0.048133012899845666,1737.074768,0.04703956546276818,1673.356844,0.04919757494353821,1623.7650039999999,0.05080135060444448,7.0
255,11500630,1116070,강서구 방화1동,강서구,방화1동,6533.0,0.1488,2158.439047,0.05953456756247707,2048.432193,0.05868506215743649,1915.827234,0.059147055037673014,2034.643697,0.06039318576977716,2126.2111449999998,0.05973009365078983,22.0
256,11500640,1116071,강서구 방화2동,강서구,방화2동,4713.0,0.2004,1878.361805,0.07195489535033092,1861.920912,0.06727518376016016,1828.255015,0.06556823962673368,1811.016566,0.0670882093327631,1804.3283829999998,0.07130726038448057,9.0
257,11500641,1116072,강서구 방화3동,강서구,방화3동,5050.0,0.2169,1298.9335199999998,0.06447519011479048,1264.262577,0.06520950775730674,1174.753498,0.06999777491455605,1170.6407359999998,0.06966008062687497,1252.383192,0.06625527363068622,16.0
258,11500540,1116073,강서구 화곡1동,강서구,화곡1동,8194.0,0.1544,3630.3961270000004,0.06384965265938326,3384.851246,0.06398495833189272,3117.9501579999996,0.06707118322492277,3362.499621,0.06726253582018239,3546.52066,0.06478348493937112,7.0
259,11500615,1116074,강서구 우장산동,강서구,우장산동,5616.0,0.129,1965.615812,0.05052115312930989,2002.0179039999998,0.05192625830220854,1967.940402,0.05500150644129991,2057.322952,0.0545939802828465,2069.604696,0.05283681529896298,7.0
260,11530510,1117051,구로구 신도림동,구로구,신도림동,4628.0,0.1281,1721.6645429999999,0.05286359498566822,1776.7662879999998,0.05305705076706382,1791.251514,0.05338981611147988,1768.7228559999999,0.05040728197002021,1712.925044,0.05177944449806036,20.0
261,11530520,1117052,구로구 구로1동,구로구,구로1동,2536.0,0.11800000000000001,961.9968341,0.04878945303318843,927.3637927000001,0.04862901528712832,831.5816972,0.05205444654139719,875.4523749,0.05267425431189753,905.7468876,0.04934147637532725,13.0
262,11530540,1117054,구로구 구로3동,구로구,구로3동,3439.0,0.1354,1277.521297,0.04718236322010143,1370.5890140000001,0.04258795386949587,1654.072589,0.030446633184867872,1456.326714,0.034433933718588,1299.904061,0.042928122386637145,10.0
263,11530550,1117055,구로구 구로4동,구로구,구로4동,4559.0,0.1879,1186.932591,0.06629322288324414,1093.247825,0.06649957392590466,1060.0711789999998,0.07139149304219801,1168.942039,0.06876436443500804,1204.351933,0.06674453224387958,9.0
264,11530560,1117056,구로구 구로5동,구로구,구로5동,4709.0,0.1469,1484.7319730000002,0.050556720562217564,1580.870996,0.05110564125997477,1765.9994989999998,0.05411837418739089,1745.8160149999999,0.051238302060001566,1597.25933,0.051117339253091906,14.0
265,11530720,1117061,구로구 고척1동,구로구,고척1동,4282.0,0.1848,1507.919983,0.06375446132145356,1469.764811,0.06236000276966844,1379.1983460000001,0.06323925783203868,1437.610225,0.06362021404296123,1493.934348,0.06316037613683934,16.0
266,11530730,1117062,구로구 고척2동,구로구,고척2동,5108.0,0.1853,1455.159505,0.06443497981764951,1338.083036,0.06512756179039333,1140.446011,0.06964213863287828,1199.1426800000002,0.0707645680575479,1325.186623,0.06604939743346856,8.0
267,11530750,1117064,구로구 개봉2동,구로구,개봉2동,6263.0,0.1968,2215.0889230000002,0.072964303210275,2005.051811,0.07217846980240782,1636.605671,0.07704067328905298,1881.59802,0.07618154564854458,2127.7945489999997,0.0729598579432609,13.0
268,11530760,1117065,구로구 개봉3동,구로구,개봉3동,4204.0,0.2009,1302.750991,0.07332037617269113,1197.028268,0.07273990151670429,1051.030168,0.07489484794387977,1141.746646,0.07615574344115146,1234.698885,0.07401406034151252,5.0
269,11530770,1117067,구로구 오류1동,구로구,오류1동,3956.0,0.1688,986.1180783,0.06075779059881054,960.1530495999999,0.061914140489684105,1025.590217,0.07133691762936903,1167.3896539999998,0.06942753732207463,1119.936815,0.06320452435789618,9.0
270,11530790,1117069,구로구 수궁동,구로구,수궁동,4321.0,0.179,1533.3259970000001,0.06316940014046638,1469.283174,0.0604487204875264,1322.914558,0.0627369870482701,1468.2011810000001,0.06618172204362359,1523.699996,0.06387773064649034,9.0
271,11530595,1117070,구로구 가리봉동,구로구,가리봉동,2122.0,0.1578,557.8683696,0.051736147960625936,535.7895725,0.05182741899505741,508.76800180000004,0.050120438950966274,527.2736211,0.05121127470178082,546.4816712,0.052367714398153076,4.0
272,11530530,1117071,구로구 구로2동,구로구,구로2동,5851.0,0.1829,2039.393917,0.06730645690968255,2115.650616,0.06554382407864416,2354.094327,0.06266103979270374,2142.653255,0.06319221198756338,2049.391802,0.06560069055300564,10.0
273,11530740,1117072,구로구 개봉1동,구로구,개봉1동,6329.0,0.18,2027.110806,0.06858140775031464,1935.567572,0.06788929468788642,1856.668582,0.07180890526751638,2048.004876,0.07201942475729857,2025.912809,0.06891112371789197,11.0
274,11530780,1117073,구로구 오류2동,구로구,오류2동,6889.0,0.1757,3172.4049449999998,0.05615246754274197,3111.575559,0.056759353281957164,2862.2725769999997,0.061572723035698426,3103.105698,0.06204038799930228,3224.4352280000003,0.05814480792969766,15.0
275,11530800,1117074,구로구 항동,구로구,항동,1521.0,0.0924,1561.9992502,0.06052420974060873,1525.78569232,0.059911194867299795,1482.704329133333,0.0617636461659805,1542.1323903333334,0.06188751776649093,1559.4439987866665,0.06068007988101417,6.0
276,11545510,1118051,금천구 가산동,금천구,가산동,2628.0,0.1016,1097.916234,0.03374248341053773,1486.045564,0.03254081547403065,2119.6113219999997,0.024678361677156643,1610.354264,0.026692653845813503,1249.4553560000002,0.03315510742358551,9.0
277,11545610,1118052,금천구 독산1동,금천구,독산1동,5658.0,0.1287,1701.4351809999998,0.05304772735450421,1785.0119989999998,0.0525171968449862,1928.37703,0.053249530853729445,1940.1210600000002,0.054700179856783965,1823.172512,0.05363824921432402,23.0
278,11545620,1118053,금천구 독산2동,금천구,독산2동,3400.0,0.1671,1132.898013,0.0668912521911979,1049.246,0.06811727929609813,897.1321175,0.07229131048613302,947.7324271,0.06982297578511687,1057.758781,0.06698888586313938,3.0
279,11545630,1118054,금천구 독산3동,금천구,독산3동,4514.0,0.1611,1440.830309,0.06388970128996319,1365.115445,0.06393633358161967,1313.548023,0.06767294103835793,1410.627906,0.06899944947834179,1426.916266,0.0656432471290482,6.0
280,11545640,1118055,금천구 독산4동,금천구,독산4동,2876.0,0.168,807.3722803999999,0.06170793559662673,762.7110034,0.06314327444115653,734.9456442000001,0.06875259373257932,808.4178999,0.06818377008265718,821.6170069,0.06416489766367527,10.0
281,11545670,1118057,금천구 시흥1동,금천구,시흥1동,6105.0,0.1739,1805.5618190000002,0.06514844465309964,1753.9024379999998,0.06468287375153288,1983.604791,0.06963914599049162,2092.100114,0.06713329507962588,1925.615752,0.0653639897976282,7.0
282,11545680,1118058,금천구 시흥2동,금천구,시흥2동,3935.0,0.1816,1322.614001,0.0715971217133621,1249.351987,0.07170062046295943,1106.9963710000002,0.07482471989982312,1267.545996,0.07846127302993425,1365.1512480000001,0.07424189198398617,12.0
283,11545690,1118059,금천구 시흥3동,금천구,시흥3동,2307.0,0.2078,732.9059783,0.07528529440591386,718.9237981000001,0.06974278417544161,683.5472441000001,0.06669484739173383,690.4394391,0.07059441452853568,704.5043218999999,0.07271221989822893,5.0
284,11545700,1118060,금천구 시흥4동,금천구,시흥4동,4048.0,0.1902,1166.850227,0.07284384997523442,1055.784349,0.07367497478717831,830.0283427999999,0.0775877551132999,872.7765134,0.07826464405823502,1024.229022,0.07431103876266075,7.0
285,11545710,1118061,금천구 시흥5동,금천구,시흥5동,4310.0,0.2146,1059.024678,0.07558717123141016,962.2458208999999,0.07567168846723675,867.8620120999999,0.08108669251707844,924.5838257000001,0.07923058385058274,992.2108544,0.07585833925569062,9.0
286,11560540,1119054,영등포구 여의동,영등포구,여의동,6064.0,0.1791,2856.902934,0.06231433202208503,3508.9418909999995,0.05060282761697528,4113.7428979999995,0.03321554852470344,3311.068096,0.03745941466340714,2943.26717,0.0541241038569979,7.0
287,11560550,1119055,영등포구 당산1동,영등포구,당산1동,3333.0,0.1588,1129.304249,0.05602572061750336,1183.626487,0.056633701870400274,1373.518708,0.05665625054484751,1239.5895460000002,0.05540164678546953,1139.096053,0.05582964446048171,14.0
288,11560560,1119056,영등포구 당산2동,영등포구,당산2동,4579.0,0.1216,1702.780141,0.04528039820980501,1773.49707,0.045286291439577346,1785.0624920000002,0.0480341231463142,1737.0457079999999,0.044285989620845644,1705.2148170000003,0.044453485352859104,15.0
289,11560610,1119061,영등포구 양평1동,영등포구,양평1동,2331.0,0.1317,985.6879062999999,0.05117362007857778,998.4509828,0.050850588344369486,1071.778056,0.04930856320971867,973.4055942,0.0514900570451858,953.825434,0.05231546072494997,17.0
290,11560620,1119062,영등포구 양평2동,영등포구,양평2동,2477.0,0.1103,958.5233957999999,0.039609715703037215,1080.121749,0.039674795391161186,1290.970734,0.040467214342007195,1150.015404,0.03987765924106618,1010.2433570000001,0.03894388569046582,13.0
291,11560630,1119063,영등포구 신길1동,영등포구,신길1동,3270.0,0.1741,1155.38322,0.06222251868972905,1173.730452,0.06251651915678264,1126.43865,0.0669389265352958,1128.030896,0.06422863711763574,1124.5150720000001,0.06189804916840561,4.0
292,11560650,1119065,영등포구 신길3동,영등포구,신길3동,3079.0,0.17300000000000001,933.8757683,0.05931939127375265,874.3138784,0.060736327818369185,803.7550727999999,0.06780584315221827,888.8781442,0.06656628563963737,960.8969212000002,0.06210156891039466,4.0
293,11560660,1119066,영등포구 신길4동,영등포구,신길4동,2236.0,0.1714,545.9599294,0.06610324654869973,523.8265629,0.06782475699970185,483.78347479999996,0.07491137179534134,500.289349,0.07409685612929373,523.8866780000001,0.06791861627637974,14.0
294,11560670,1119067,영등포구 신길5동,영등포구,신길5동,2046.0,0.16899999999999998,465.5658805,0.06333684782780843,453.57018700000003,0.06408225650719913,453.4797344,0.06968219151599186,500.50739400000003,0.07117351769928246,475.55466629999995,0.06506081498741172,4.0
295,11560680,1119068,영등포구 신길6동,영등포구,신길6동,3229.0,0.1614,1284.783466,0.05484967246932056,1209.19381,0.05524677232318726,1073.85541,0.05956149927520535,1147.327987,0.058487631429132055,1221.571739,0.0553589539420816,9.0
296,11560690,1119069,영등포구 신길7동,영등포구,신길7동,2431.0,0.1204,868.9014482999999,0.051067655200194816,811.2252875,0.0511751655902014,647.1569811,0.05162224574140172,699.9916591,0.05135432540836975,803.1091926,0.05038946501575251,3.0
297,11560700,1119070,영등포구 대림1동,영등포구,대림1동,3140.0,0.1804,1125.538027,0.06868847216757012,1129.954782,0.0687191743247379,1242.455587,0.07222764350352959,1321.02096,0.07211675899515274,1207.227929,0.06853379583522445,6.0
298,11560710,1119071,영등포구 대림2동,영등포구,대림2동,3110.0,0.1646,1030.4652019999999,0.060881198392443166,1010.3617210000001,0.06326191793387535,1012.7812650000001,0.06781946599361495,1054.087025,0.0626658100240309,1046.103926,0.061294498900189155,5.0
299,11560720,1119072,영등포구 대림3동,영등포구,대림3동,4456.0,0.1684,1457.954959,0.05983434786527632,1450.1256640000001,0.05992597247229557,1459.677559,0.06319465045929558,1491.254899,0.0603793631854084,1483.389097,0.05921027947597829,9.0
300,11560515,1119073,영등포구 영등포본동,영등포구,영등포본동,4091.0,0.1753,1096.816205,0.05721997772825615,1116.519591,0.05745108781381253,1166.303735,0.06339834395847779,1210.5107150000001,0.059658711289908725,1155.311054,0.057468766690710396,9.0
301,11560535,1119074,영등포구 영등포동,영등포구,영등포동,3407.0,0.1171,1693.715227,0.04345442470701601,2028.2759469999999,0.04632485288379908,2795.597606,0.048275987052957006,2325.986253,0.041818183515696945,1861.7707469999998,0.04255198586291386,13.0
302,11560585,1119075,영등포구 도림동,영등포구,도림동,3302.0,0.1635,958.0272423,0.05740760007804504,892.5019179,0.0585467246590375,800.8850913,0.06466487617549432,865.0539486,0.06349703616889325,916.7506316,0.05858962830746876,8.0
303,11560605,1119076,영등포구 문래동,영등포구,문래동,4616.0,0.1395,2017.5901190000002,0.05744089863514607,2255.1688879999997,0.057819061524152865,2567.556104,0.053294108154852665,2368.270177,0.05441236603036878,2135.182687,0.056521098317390245,26.0
304,11590520,1120052,동작구 노량진2동,동작구,노량진2동,2698.0,0.2002,1184.1858,0.06582539535249882,1167.198652,0.06228885212121609,1117.577832,0.060596726354923004,1135.263502,0.06170266411629559,1146.563653,0.06443943521953234,2.0
305,11590530,1120053,동작구 상도1동,동작구,상도1동,6907.0,0.1497,2895.045088,0.056319657976491376,2753.7634559999997,0.056455845260364304,2337.48326,0.057693969769938715,2560.467436,0.0591261244637883,2792.372991,0.05718825762079765,11.0
306,11590540,1120054,동작구 상도2동,동작구,상도2동,4453.0,0.1545,1433.765967,0.05897439620561064,1407.5575199999998,0.05952820202513763,1407.4703359999999,0.06549444989102185,1569.200525,0.06514486095811337,1562.646461,0.06106274595576061,6.0
307,11590550,1120055,동작구 상도3동,동작구,상도3동,4325.0,0.1721,1313.667753,0.05771606628862728,1191.457373,0.057691997856999945,1063.964248,0.06539281348510224,1184.576016,0.06614970646299899,1282.755875,0.06061747215280698,3.0
308,11590560,1120056,동작구 상도4동,동작구,상도4동,4945.0,0.1697,1834.2392920000002,0.06194868826780048,1648.489566,0.06152042178960727,1342.4220990000001,0.06582479775655248,1488.77676,0.06781820728171385,1686.7993219999998,0.06315453160278255,16.0
309,11590620,1120063,동작구 사당1동,동작구,사당1동,3694.0,0.1577,1687.472364,0.05993389569819614,1565.725464,0.060098843521182374,1560.714626,0.06649131075244001,1613.5365689999999,0.061712483971769476,1600.241539,0.05991963185632866,4.0
310,11590640,1120065,동작구 사당3동,동작구,사당3동,4370.0,0.1744,1478.74974,0.06752154946463469,1425.529495,0.0687461139838703,1295.2277589999999,0.07383687036371775,1460.503903,0.07552144496825133,1478.523025,0.06925308662312847,9.0
311,11590650,1120066,동작구 사당4동,동작구,사당4동,2638.0,0.1827,932.8342246,0.06004144548567654,865.6696427,0.06084289900076355,753.7168166,0.06835392505231803,863.6695258999999,0.07050749552757347,931.7090463999999,0.06374101912931233,6.0
312,11590651,1120067,동작구 사당5동,동작구,사당5동,2256.0,0.1533,814.1080566,0.06073172374761469,760.556765,0.06033151146825159,638.1799124,0.06372757423903179,679.5148032000001,0.06376065224110475,752.8195268999999,0.060803626558913804,6.0
313,11590660,1120068,동작구 대방동,동작구,대방동,5694.0,0.1466,2112.005933,0.05176204533943828,2129.403606,0.051708063392841924,2043.701789,0.05440377472326328,2178.918918,0.05611278226122286,2191.502734,0.05346512420809305,13.0
314,11590670,1120069,동작구 신대방1동,동작구,신대방1동,3819.0,0.15,1158.649842,0.05890169049638804,1119.642273,0.059728374953086444,953.5228195000001,0.0634242121720879,949.6593925000001,0.0623695371273556,1063.122668,0.059335882954864146,8.0
315,11590680,1120070,동작구 신대방2동,동작구,신대방2동,3032.0,0.1505,1330.6715869999998,0.057864906834604074,1405.618362,0.058138823308825215,1551.268192,0.05798377768273297,1429.642202,0.05840701189731849,1387.994244,0.058133531612274844,5.0
316,11590605,1120071,동작구 흑석동,동작구,흑석동,5587.0,0.1656,1770.2617940000002,0.055380714345270365,1799.452946,0.055889981972020025,1733.663592,0.0548419217983982,1736.8253120000002,0.05615298108663509,1757.5689579999998,0.05521332233113269,10.0
317,11590510,1120072,동작구 노량진1동,동작구,노량진1동,5678.0,0.1762,1858.5593629999998,0.05152471998023499,1871.5463109999998,0.04951478126547948,1772.8660989999998,0.04654380358749428,1862.5601969999998,0.04696557422814999,1883.1064809999998,0.049995515034626695,20.0
318,11590630,1120073,동작구 사당2동,동작구,사당2동,5300.0,0.1933,2118.442817,0.06887748856043924,2170.189939,0.06918539412473582,2173.656106,0.07268556494941518,2282.641494,0.06854625147468418,2236.492455,0.0675220416440241,6.0
319,11620525,1121052,관악구 보라매동,관악구,보라매동,4423.0,0.1771,1327.634688,0.059268506949712474,1232.9828890000001,0.05799526093497488,1117.421983,0.0587351817308092,1173.253994,0.06159572482594499,1223.957722,0.059382408710185,4.0
320,11620545,1121054,관악구 청림동,관악구,청림동,2688.0,0.174,763.2832354,0.06013247089054948,706.6850325,0.0615129504585643,588.3124977000001,0.06694787977756923,653.9619575,0.06992691744443995,716.1682218999999,0.06271899590219229,5.0
321,11620575,1121057,관악구 행운동,관악구,행운동,4314.0,0.146,1538.6465150000001,0.052581139880504876,1410.127902,0.05225877842608016,1235.966092,0.0585787553152573,1287.44561,0.05825429422533748,1420.0899550000001,0.05364087229189303,5.0
322,11620585,1121058,관악구 낙성대동,관악구,낙성대동,1951.0,0.1115,830.6915309999999,0.03571019286710372,889.4125433,0.03710406271053842,1005.3973800000001,0.041811217489492715,1013.9940859999999,0.03836402606117843,909.7128548000001,0.03609198664526653,3.0
323,11620615,1121061,관악구 중앙동,관악구,중앙동,2346.0,0.1507,894.5465611,0.05143064187663288,876.0834471000001,0.051052707910565695,968.0138596,0.059659611855044176,1035.267209,0.05686280063117676,948.0945277000001,0.052347994053154046,3.0
324,11620625,1121062,관악구 인헌동,관악구,인헌동,3975.0,0.1509,1430.194707,0.05340824280499047,1325.951563,0.052051815350035675,1246.0725630000002,0.06065067603502994,1374.198705,0.06119835729256846,1426.8757150000001,0.05611500468263872,4.0
325,11620630,1121063,관악구 남현동,관악구,남현동,2734.0,0.1489,1569.481325,0.060926933197141916,1535.261038,0.060035303100948324,1450.516591,0.06618012053304746,1549.687781,0.06456800766963817,1586.9552640000002,0.061630561265463533,3.0
326,11620645,1121064,관악구 서원동,관악구,서원동,3258.0,0.1397,1188.538182,0.04949571718593509,1182.904337,0.05011141275853047,1154.546543,0.055738681388516224,1225.5439880000001,0.05150125205261631,1231.742733,0.04946899250476746,4.0
327,11620655,1121065,관악구 신원동,관악구,신원동,3215.0,0.1692,1167.765942,0.05988518856079725,1056.877642,0.060154651632025755,868.2515787000001,0.06502634092639001,950.5787186000001,0.0642580033955403,1074.4957789999999,0.05946089513690725,2.0
328,11620665,1121066,관악구 서림동,관악구,서림동,3458.0,0.14400000000000002,1180.926859,0.05204062996188948,1066.3465130000002,0.0510844496184384,873.3177873999999,0.05526752122141466,955.8942404,0.05796017524662595,1103.619224,0.05424568572839311,1.0
329,11620685,1121068,관악구 신사동,관악구,신사동,3516.0,0.1406,1397.5118519999999,0.05722564401508898,1347.9071689999998,0.05704711742772545,1222.048698,0.06627805874884926,1269.916839,0.0631914004430702,1348.228611,0.05815429074611798,3.0
330,11620695,1121069,관악구 신림동,관악구,신림동,1934.0,0.0858,888.5620388,0.03334593867418166,1005.757821,0.037756442494328704,1212.7003619999998,0.048707579369021065,1303.88157,0.045220337312610256,1122.095378,0.03853199327567418,2.0
331,11620715,1121071,관악구 난향동,관악구,난향동,2693.0,0.1719,921.5649922,0.06585665761973629,831.6704997,0.06580794356276423,651.7827218,0.06935596137423132,696.5097609000001,0.06931744301307265,824.7085384,0.06602461514672699,8.0
332,11620725,1121072,관악구 조원동,관악구,조원동,2819.0,0.1494,1349.292493,0.05202421423440614,1372.036983,0.05062780374809964,1513.1647150000001,0.05473767218927685,1617.3685269999999,0.054652346744650346,1479.27224,0.05311826925700583,5.0
333,11620735,1121073,관악구 대학동,관악구,대학동,2938.0,0.1184,1279.566932,0.04419602391897437,1329.0069859999999,0.0441334954909204,1458.825796,0.039537319550228565,1322.612838,0.040891157783971364,1307.770139,0.04341512032536816,2.0
334,11620605,1121078,관악구 은천동,관악구,은천동,5809.0,0.1699,1823.497937,0.05972561070279831,1722.1238,0.05944620147638181,1642.7556880000002,0.06625657884511472,1827.57555,0.06584243727690074,1882.3583219999998,0.06162978726892466,11.0
335,11620565,1121079,관악구 성현동,관악구,성현동,5249.0,0.1748,1712.6144780000002,0.05764165483864928,1615.782971,0.05767230700884904,1465.052414,0.06267602497100956,1670.694562,0.06477276148281136,1736.739527,0.060034934275340054,8.0
336,11620595,1121080,관악구 청룡동,관악구,청룡동,4408.0,0.1214,1917.5476489999999,0.04686250417327417,1868.670237,0.04721851116892834,1882.044584,0.05493748191581285,1946.0242260000002,0.05286496279097833,1902.296738,0.04771210195528489,5.0
337,11620775,1121081,관악구 난곡동,관악구,난곡동,5324.0,0.1915,1417.655273,0.06759865677436282,1288.964336,0.06654791979567354,1150.219924,0.07042891930479013,1334.195951,0.07352470119071498,1420.641295,0.06879740418503102,5.0
338,11620745,1121082,관악구 삼성동,관악구,삼성동,5611.0,0.2415,2074.7870550000002,0.08069858303092374,1897.1467109999999,0.0794844271267095,1731.5538629999999,0.08509741527180033,1923.9435489999998,0.08863496916099925,2040.1733829999998,0.08376486025231449,8.0
339,11620765,1121083,관악구 미성동,관악구,미성동,5737.0,0.1816,1665.3233109999999,0.06314524725854848,1531.863882,0.06212494831105954,1335.804087,0.06546792426410218,1415.264423,0.06695402343657697,1547.7231769999999,0.06407545497536829,9.0
340,11650510,1122051,서초구 서초1동,서초구,서초1동,2998.0,0.1428,1384.5722460000002,0.05496323230422561,1517.977607,0.05409786771160247,1742.357918,0.04957626083296697,1576.91816,0.05119497686242898,1415.434792,0.054171285796404386,9.0
341,11650520,1122052,서초구 서초2동,서초구,서초2동,2634.0,0.11800000000000001,1178.063018,0.042843161303491924,1483.950827,0.04231304055538565,1883.846738,0.034655556125006814,1552.39626,0.035167333247321464,1280.465676,0.03992410665691004,6.0
342,11650530,1122053,서초구 서초3동,서초구,서초3동,4688.0,0.1445,2395.490609,0.053895470780974224,2861.120748,0.05301377063998468,3750.044607,0.04479342261712682,3076.06363,0.045158705929036744,2502.578864,0.05031146196187202,8.0
343,11650531,1122054,서초구 서초4동,서초구,서초4동,4094.0,0.1301,1622.50884,0.04814007351692413,1721.370071,0.04860072914309749,1802.970121,0.03833183990144835,1633.653785,0.03652375768573729,1611.794321,0.043827103592426475,7.0
344,11650540,1122055,서초구 잠원동,서초구,잠원동,3344.0,0.1195,1479.32391,0.04545523496917158,1609.1402640000001,0.047055168597440446,1659.420408,0.044841271515898666,1573.715604,0.04511509429164613,1507.481887,0.04555002401738855,24.0
345,11650550,1122056,서초구 반포본동,서초구,반포본동,1867.0,0.1622,641.3823899,0.058332878686969035,696.8966473999999,0.05969682124915807,593.3072956,0.06403355204970114,554.7376821,0.06000091588469997,588.6124436000001,0.057529676617316054,1.0
346,11650560,1122057,서초구 반포1동,서초구,반포1동,3590.0,0.1108,1411.053117,0.04137168391835443,1480.5585119999998,0.04248749104415657,1459.3205150000001,0.04103281441896594,1361.600466,0.03905455015078988,1358.830123,0.04029289631145736,7.0
347,11650570,1122058,서초구 반포2동,서초구,반포2동,1899.0,0.1183,769.2232916,0.04847160744767794,842.8471781999999,0.04959816295345188,910.5567428999999,0.050712911822538974,883.4399558,0.04940331197551877,824.2208691000001,0.04805430826192668,2.0
348,11650580,1122059,서초구 반포3동,서초구,반포3동,2936.0,0.131,884.4726266000001,0.055117451964461,994.5315903,0.056559048354498515,1178.870854,0.05656246909114983,1072.9066699999998,0.048864396503890704,924.081766,0.05044618354344348,8.0
349,11650581,1122060,서초구 반포4동,서초구,반포4동,2839.0,0.1432,1679.1004420000002,0.05886814555902195,1995.0337379999999,0.05926489857904735,2624.9839,0.0526197620958004,2146.9648039999997,0.04733562576038146,1790.192963,0.054759050505348385,6.0
350,11650590,1122061,서초구 방배본동,서초구,방배본동,3037.0,0.1433,1270.358248,0.05496093616741429,1343.663219,0.0571894218575986,1416.847948,0.06083417498417586,1430.351734,0.05981403149115722,1355.422726,0.05721776179990994,4.0
351,11650600,1122062,서초구 방배1동,서초구,방배1동,2818.0,0.16399999999999998,1124.685967,0.06403658032607647,1156.096724,0.06314688531832985,1212.6591529999998,0.05766220790643638,1244.962784,0.05706719913718343,1178.754062,0.061466814273630446,5.0
352,11650610,1122063,서초구 방배2동,서초구,방배2동,3463.0,0.1724,1396.0927179999999,0.0687694434842894,1444.746155,0.06523518778696287,1541.894822,0.0628875887701022,1552.954349,0.06050180377717008,1442.013608,0.0638242413615425,6.0
353,11650620,1122064,서초구 방배3동,서초구,방배3동,3634.0,0.1761,1708.455175,0.06634301406805362,1659.947924,0.06490106331635273,1239.986633,0.0628140402100622,1262.872589,0.0686352331146508,1578.077376,0.06741455831957023,11.0
354,11650621,1122065,서초구 방배4동,서초구,방배4동,3449.0,0.1443,1436.661346,0.055939513703162365,1464.281702,0.05770753047905665,1517.232583,0.059218752072106855,1468.673828,0.057215628032260504,1449.7857,0.05654894145527545,4.0
355,11650651,1122066,서초구 양재1동,서초구,양재1동,6813.0,0.154,2589.280716,0.058216247279514306,2661.9777559999998,0.0546613930532055,2748.1548780000003,0.0476315106586767,2671.344787,0.052158601144180375,2596.862211,0.05713207692430743,18.0
356,11650652,1122067,서초구 양재2동,서초구,양재2동,2889.0,0.1285,1392.827795,0.04762244061441003,1700.242905,0.04676933733400176,2273.981191,0.04687132706639585,1842.582397,0.045678952267654026,1557.1957730000001,0.04769039441876906,4.0
357,11650660,1122068,서초구 내곡동,서초구,내곡동,3217.0,0.1789,1370.121114,0.059254051178047225,1477.4725130000002,0.054005646806818554,1610.291799,0.056966838953040624,1505.495064,0.05882908202552475,1419.331712,0.059126758489155565,15.0
358,11680510,1123051,강남구 신사동,강남구,신사동,2955.0,0.1779,1215.012604,0.05298675487082113,1465.3070539999999,0.05536169687601225,1859.9399809999998,0.0409464989093384,1612.8828019999999,0.03567521059365619,1311.695237,0.04482978733195597,3.0
359,11680521,1123052,강남구 논현1동,강남구,논현1동,2949.0,0.1259,1523.57368,0.04421623029764701,1666.3672210000002,0.04516996985006489,1844.9410489999998,0.03662423480819141,1612.360853,0.035658322318536925,1522.55663,0.041686596214014764,6.0
360,11680531,1123053,강남구 논현2동,강남구,논현2동,3145.0,0.1437,1495.7981710000001,0.04642859200100434,1677.971843,0.04668129560241154,1952.5113010000002,0.03429765104235973,1685.9782519999999,0.03515015014689765,1544.430419,0.043146839992680285,5.0
361,11680580,1123058,강남구 삼성1동,강남구,삼성1동,2098.0,0.1567,907.8517099999999,0.049103054419065956,1233.172638,0.04553543352911949,1760.227662,0.031110245634685903,1324.222888,0.030616132711763583,1011.677968,0.04251636127997212,13.0
362,11680590,1123059,강남구 삼성2동,강남구,삼성2동,3366.0,0.11199999999999999,1426.7454539999999,0.04134236926007438,1584.955441,0.04216017536140418,1726.553834,0.03698078873720783,1396.184739,0.036395732045082105,1382.092081,0.040332103010768,10.0
363,11680600,1123060,강남구 대치1동,강남구,대치1동,2384.0,0.09699999999999999,964.3883293,0.03626385057312327,1053.08629,0.0396423925652029,1151.427856,0.04027844405932435,1127.495518,0.03509062843770579,1032.6578220000001,0.03582842210221406,13.0
364,11680630,1123063,강남구 대치4동,강남구,대치4동,2067.0,0.1015,934.9531695000001,0.03349574622643646,1025.8495189999999,0.03423634371806465,1292.6558890000001,0.03041838098929828,1135.408543,0.0266681904969957,973.8869666000002,0.030726476629458658,7.0
365,11680640,1123064,강남구 역삼1동,강남구,역삼1동,3619.0,0.0993,2148.665479,0.03338245014636038,2796.541713,0.035893773469419105,4124.393779999999,0.030322815122466533,3023.6901239999997,0.02702367127971784,2314.3407629999997,0.030772089358931186,20.0
366,11680650,1123065,강남구 역삼2동,강남구,역삼2동,3559.0,0.0969,1538.613568,0.03452030795542406,1780.833652,0.03641150604641942,2253.511281,0.0366674989499122,1811.815936,0.0349093316735674,1627.1726720000001,0.03455883861458243,6.0
367,11680655,1123066,강남구 도곡1동,강남구,도곡1동,2910.0,0.132,1497.7922019999999,0.05560468046878915,1555.6322599999999,0.05560211208556584,1533.237399,0.05137848738282394,1463.029312,0.05392698525595101,1471.4175970000001,0.055978036339283874,11.0
368,11680656,1123067,강남구 도곡2동,강남구,도곡2동,4767.0,0.1407,1651.096568,0.05178018319127398,1713.154308,0.05301938808132662,1759.061126,0.052038530455134485,1669.423394,0.0540079486991747,1641.584174,0.05350804140213535,5.0
369,11680660,1123068,강남구 개포1동,강남구,개포1동,1571.0,0.2395,816.6171075,0.07776782504535704,775.3059747000001,0.07372112659280135,597.852642,0.0717560419530457,574.5204654,0.07505568462131039,706.2861978999999,0.07458958639170099,10.0
370,11680690,1123071,강남구 개포4동,강남구,개포4동,3117.0,0.1306,1159.639996,0.06105943311644719,1121.073673,0.06014583715997922,998.8310956,0.05708605423099364,965.3619287,0.06022293635456467,1024.811493,0.06106261253663975,3.0
371,11680720,1123072,강남구 일원본동,강남구,일원본동,2939.0,0.124,1432.507071,0.05946346150652194,1594.525624,0.061792654185849887,1796.527359,0.0674472629191228,1594.783075,0.0705075148927562,1477.3890609999999,0.06394309272429047,13.0
372,11680730,1123073,강남구 일원1동,강남구,일원1동,3196.0,0.2045,1532.767676,0.07830501829533826,1435.722004,0.0744655629792849,1238.752137,0.07199325983845914,1218.679773,0.07399637141322062,1379.815566,0.07589481113904542,2.0
373,11680740,1123074,강남구 일원2동,강남구,일원2동,3281.0,0.1824,873.3070426,0.06083404968976502,932.2883752,0.06063733471849473,961.6498307,0.06470317273491455,947.2451571,0.06714515533811442,933.7449764,0.06335260355419726,3.0
374,11680750,1123075,강남구 수서동,강남구,수서동,4489.0,0.297,1797.971981,0.08292059173903128,1939.9729739999998,0.0789644603430755,2066.326397,0.0746268704955164,2014.3882760000001,0.07777958545062932,1949.210935,0.08170230862590343,9.0
375,11680700,1123076,강남구 세곡동,강남구,세곡동,6383.0,0.1446,2676.217936,0.053615125728659646,2608.851471,0.053097059544078125,2304.290585,0.05353366617571118,2389.7857120000003,0.05504672568518059,2571.051919,0.053737321301891926,20.0
376,11680545,1123077,강남구 압구정동,강남구,압구정동,5081.0,0.1877,1897.916579,0.059153785975277866,2139.9937440000003,0.06011748133552876,2391.147505,0.044838344079002196,2138.5862620000003,0.04228552672728755,1954.9741600000002,0.0527427516725322,10.0
377,11680565,1123078,강남구 청담동,강남구,청담동,3776.0,0.1399,1612.713502,0.049912265868459794,1974.8925800000002,0.05234549393073201,2238.940132,0.0417584035945467,1932.04075,0.04119048944126609,1712.748957,0.04720045840286367,12.0
378,11680610,1123079,강남구 대치2동,강남구,대치2동,4750.0,0.1287,1911.35882,0.05047904302298512,2148.7139850000003,0.04856982995503982,2428.655855,0.03811984268271658,2193.595383,0.03861119692289911,2047.7335440000002,0.04688974220318618,9.0
379,11680670,1123080,강남구 개포2동,강남구,개포2동,3200.0,0.1444,1415.2274539999999,0.06733840004519655,1506.318617,0.06699305308682421,1472.4774619999998,0.06785221965315373,1458.017416,0.07080758530591034,1400.9173369999999,0.06775167327381264,7.0
380,11710510,1124051,송파구 풍납1동,송파구,풍납1동,2759.0,0.1951,1166.3370300000001,0.06944040791516858,1124.053694,0.0678758159625407,1072.7172039999998,0.07077903751249212,1166.074686,0.07093773803018173,1172.553923,0.06954846788603906,6.0
381,11710520,1124052,송파구 풍납2동,송파구,풍납2동,3749.0,0.1468,2212.295949,0.0625899156901541,2390.647925,0.06131848235823923,2544.63275,0.06134094929826446,2111.302041,0.06287888095758892,2168.488655,0.062420335917355046,12.0
382,11710531,1124053,송파구 거여1동,송파구,거여1동,2324.0,0.1808,812.7271613,0.06774375661891877,826.0373196,0.06779309335669093,856.6121095000001,0.07031846755013763,907.3229219000001,0.06961039200875642,858.4150906,0.06788885729989493,6.0
383,11710532,1124054,송파구 거여2동,송파구,거여2동,3451.0,0.1804,1172.316801,0.0704716856240148,1112.895878,0.07005386171127259,921.4131297,0.07226570248046019,975.8816147,0.07508174406339799,1104.547867,0.07172649989570075,11.0
384,11710540,1124055,송파구 마천1동,송파구,마천1동,4125.0,0.2114,1219.228447,0.07420519880582103,1083.025144,0.07333883380326069,865.9367106000001,0.07978054510343281,914.1676292999999,0.08181949256385197,1091.188224,0.0767233808380872,5.0
385,11710550,1124056,송파구 마천2동,송파구,마천2동,4018.0,0.2075,1338.3975189999999,0.07348584050194233,1257.220668,0.07359735174153377,1257.8407220000001,0.07896136572701039,1380.541602,0.07892552000885843,1363.880548,0.0754347133368413,5.0
386,11710561,1124057,송파구 방이1동,송파구,방이1동,2152.0,0.1336,978.4357677999999,0.05713577955423652,963.2215205,0.05871705305124429,982.3031559000001,0.05784204065555058,1019.424325,0.05278936075447857,981.3398107,0.05549546201569267,3.0
387,11710562,1124058,송파구 방이2동,송파구,방이2동,3434.0,0.129,1616.8810529999998,0.04697545599740798,1604.2490300000002,0.04765359490315555,1619.29047,0.048015967878372055,1591.121794,0.044121835715533665,1588.687844,0.04561764015913624,2.0
388,11710566,1124059,송파구 오륜동,송파구,오륜동,2681.0,0.1461,1143.620163,0.07262892401732708,1307.402235,0.07214586082190412,1489.8710310000001,0.07107005965687861,1466.728456,0.06938740687174377,1285.070684,0.07040081409850302,2.0
389,11710570,1124060,송파구 오금동,송파구,오금동,6155.0,0.157,2622.675808,0.0654744732668218,2589.309899,0.06534034316060358,2333.9868149999998,0.0631160299092633,2501.674496,0.06569625147403906,2580.578527,0.06546347290337487,16.0
390,11710580,1124061,송파구 송파1동,송파구,송파1동,3408.0,0.1371,1511.0166140000001,0.051146133734443516,1457.9548619999998,0.051030962680550525,1428.093583,0.05277090101638579,1465.048907,0.05010772433424397,1504.577589,0.05106156579293855,6.0
391,11710590,1124062,송파구 송파2동,송파구,송파2동,2803.0,0.1407,1307.988748,0.061395140463078306,1279.396317,0.061165691746525676,1099.7664109999998,0.05834666611023956,1193.097909,0.062200900533610215,1284.590552,0.06116320025123738,5.0
392,11710600,1124063,송파구 석촌동,송파구,석촌동,4452.0,0.1361,1990.771161,0.052520837397988296,1892.4964079999997,0.052482538897214256,1770.75613,0.055194560981494376,1826.711045,0.05395811862499221,1906.22625,0.052418746408874124,3.0
393,11710610,1124064,송파구 삼전동,송파구,삼전동,3960.0,0.126,1708.733413,0.048472121255700745,1621.064989,0.049174611154261895,1399.031246,0.051584791791887664,1476.971297,0.05155438172654034,1607.192429,0.04959244315801449,3.0
394,11710620,1124065,송파구 가락본동,송파구,가락본동,3671.0,0.1353,1790.0776870000002,0.048796716671080015,1836.273499,0.05055154246613122,1884.6928699999999,0.051550999216398594,1834.282561,0.05258329621899073,1795.427379,0.05081635693865616,8.0
395,11710631,1124066,송파구 가락1동,송파구,가락1동,3178.0,0.11599999999999999,1565.3013019999999,0.05450520357677995,1726.2522760000002,0.05883394646637271,1777.83526,0.06580377031891656,1736.450815,0.06267401969203311,1640.267584,0.05671855466822418,5.0
396,11710632,1124067,송파구 가락2동,송파구,가락2동,4171.0,0.1265,1704.667352,0.05721659152319287,1708.7041789999998,0.058881580332787835,1613.8247119999999,0.060838262250991926,1720.050643,0.06085895051208585,1757.8038980000001,0.058251826807188614,11.0
397,11710641,1124068,송파구 문정1동,송파구,문정1동,2926.0,0.1417,1429.267236,0.06105037433030367,1325.5274550000001,0.05963427478356145,1093.384454,0.0537239553466903,1123.204328,0.056416124425475854,1287.738641,0.059080508396023565,6.0
398,11710642,1124069,송파구 문정2동,송파구,문정2동,3867.0,0.1316,1598.288131,0.04625023231234779,1742.5964149999998,0.04632889037651623,2015.6085030000002,0.03888383977058746,1776.413629,0.038862635424019715,1653.377823,0.043995734674723785,3.0
399,11710650,1124071,송파구 잠실본동,송파구,잠실본동,3670.0,0.1275,1807.690572,0.050597278871259775,1783.209602,0.05168675905272637,1787.1111219999998,0.053696992043239085,1839.5097739999999,0.050146377534173,1805.127391,0.049944787692620354,5.0
400,11710690,1124075,송파구 잠실4동,송파구,잠실4동,2680.0,0.1248,1269.240876,0.051775211710719506,1278.994864,0.05389071020112966,1104.060802,0.05677038618698434,1073.379567,0.05534389819857622,1156.837352,0.052471135278203455,5.0
401,11710710,1124077,송파구 잠실6동,송파구,잠실6동,2741.0,0.1601,1416.356839,0.06081905070762999,1742.483125,0.057273843016540614,2268.899963,0.04560852256598079,2053.1880309999997,0.044443143676179374,1685.8992050000002,0.055686706250001106,3.0
402,11710720,1124078,송파구 잠실7동,송파구,잠실7동,2113.0,0.2165,979.8982936000001,0.08587606415649884,935.7757433,0.08163940531244382,720.0273194,0.07745606701002133,739.7474283,0.08387350699131044,872.9695769,0.08371455592650728,2.0
403,11710670,1124079,송파구 잠실2동,송파구,잠실2동,3445.0,0.0965,1552.173831,0.04251677004233983,1660.831342,0.045395358186285914,1718.4996350000001,0.04999511893637239,1762.616784,0.047800183018394504,1674.132773,0.04416221791921011,3.0
404,11710680,1124080,송파구 잠실3동,송파구,잠실3동,5473.0,0.1565,2075.808637,0.06317543216941676,2112.625184,0.06235438338691786,2175.437925,0.05448348514114325,2200.494808,0.05277117820870512,2151.2039839999998,0.060358201288574276,6.0
405,11710646,1124081,송파구 장지동,송파구,장지동,4179.0,0.1393,1934.7117039999998,0.053849633830202234,1893.165284,0.05282774014675285,1662.050388,0.05402435501477544,1799.863571,0.05588071433782479,1921.389473,0.05422071142536963,16.0
406,11710647,1124082,송파구 위례동,송파구,위례동,2560.0,0.0798,1350.717754,0.036119685280223635,1384.36771,0.03778627566466536,1301.46048,0.039187221494824946,1326.6157859999998,0.03869236709689675,1299.40374,0.03641461379227725,
407,11740515,1125051,강동구 강일동,강동구,강일동,6077.0,0.1487,2656.903255,0.05577347899528621,2553.559935,0.05369827656311084,2315.419879,0.05300744922256077,2542.0124809999998,0.058673313875479145,2675.748889,0.05738381258040951,12.0
408,11740520,1125052,강동구 상일동,강동구,상일동,4074.0,0.1072,2227.0083649999997,0.05995947129743929,2198.0742920000002,0.06050971861230193,2059.189532,0.06268895853647698,2101.846343,0.06245031870694715,2191.596368,0.06045724328036393,8.0
409,11740530,1125053,강동구 명일1동,강동구,명일1동,3872.0,0.1482,1806.389827,0.059793637139991467,1862.4951489999999,0.0626927369388467,1831.001923,0.0672490705643716,2036.0906920000002,0.06652279713828238,1972.43565,0.062203421381344,4.0
410,11740540,1125054,강동구 명일2동,강동구,명일2동,2492.0,0.1424,999.6781373,0.058749102255357254,1020.36505,0.060465659743363924,983.1523551000001,0.05981505470922522,982.1349756000001,0.05540677987113753,996.8042518,0.05762709181172929,10.0
411,11740550,1125055,강동구 고덕1동,강동구,고덕1동,2820.0,0.1106,1281.8503289999999,0.045563759026536546,1252.826466,0.047058448003965296,1119.083836,0.05117209616469811,1163.6294679999999,0.05168914226690805,1235.4094929999999,0.04728704068417644,10.0
412,11740560,1125056,강동구 고덕2동,강동구,고덕2동,2824.0,0.1246,1394.217534,0.06059994484422513,1461.900767,0.06141695501416179,1470.901218,0.06717016158510833,1513.180767,0.0658190113459799,1471.402955,0.06159313249990821,3.0
413,11740580,1125058,강동구 암사2동,강동구,암사2동,2318.0,0.1505,932.3271833999999,0.059601964714224874,905.0401454,0.060097439166281685,893.910051,0.0647716075182147,940.9186836000001,0.0615840269571437,930.3078319,0.05911932583097335,2.0
414,11740590,1125059,강동구 암사3동,강동구,암사3동,2540.0,0.1397,890.6728492999999,0.05273668870850546,931.0285186000001,0.05479131646122581,892.4434771,0.05837626032982737,882.1778960000001,0.05888393276414969,877.4651456,0.05483731132355659,11.0
415,11740600,1125061,강동구 천호1동,강동구,천호1동,5037.0,0.1838,2440.539007,0.06561576831410844,2171.7971199999997,0.06396746192683016,1783.1701329999999,0.06563310983403024,1942.0005879999999,0.06843955275634173,2222.637257,0.06587111668562393,5.0
416,11740620,1125063,강동구 천호3동,강동구,천호3동,4578.0,0.1702,2022.5063670000002,0.06540970608452124,1933.15237,0.06563559978814364,1803.8959730000001,0.06708158682356218,1935.120378,0.06614011509334101,1991.432591,0.06484372579521813,4.0
417,11740640,1125065,강동구 성내1동,강동구,성내1동,2988.0,0.1471,1686.998159,0.06527407853633871,1654.15097,0.06528718545939466,1581.3390029999998,0.06302168458715053,1577.771123,0.0636729950479486,1636.513536,0.0650818648481969,12.0
418,11740650,1125066,강동구 성내2동,강동구,성내2동,4253.0,0.1724,1886.0257379999998,0.06839778106511626,1793.3302219999998,0.068106974550162,1751.6999829999997,0.07167248491059933,1829.8059510000003,0.06907330225779688,1850.6980640000002,0.06800249236174535,3.0
419,11740660,1125067,강동구 성내3동,강동구,성내3동,3711.0,0.1571,1696.394615,0.061980299009834136,1639.623425,0.061790109952987615,1627.75287,0.06376862185229804,1671.443317,0.0632940109404585,1683.0918100000001,0.06236843146572114,1.0
420,11740690,1125070,강동구 둔촌1동,강동구,둔촌1동,33.0,0.226,489.47838139999993,0.06333647683239729,509.55445549999996,0.061594040134701544,438.76904440000004,0.06337976445049986,457.3061289,0.06639386303089817,499.1294695,0.06480419671722884,8.0
421,11740700,1125071,강동구 둔촌2동,강동구,둔촌2동,4059.0,0.1604,2123.791262,0.0759387760189569,2135.398101,0.07659597486553041,2217.838017,0.08571440617926197,2012.0259199999998,0.08018525708935935,2078.6872949999997,0.0765677659452265,6.0
422,11740570,1125072,강동구 암사1동,강동구,암사1동,5913.0,0.1678,2094.836172,0.06417421749064858,1874.8858530000002,0.06298559745424492,1586.0728390000002,0.06582659444322907,1778.881731,0.067770905536481,1952.24798,0.06458569499371813,9.0
423,11740610,1125073,강동구 천호2동,강동구,천호2동,5922.0,0.1715,2889.35999,0.06518562368957292,2925.192033,0.06598746731891961,3064.6300739999997,0.06927464156908268,3222.604813,0.06672884587183685,3090.112452,0.06596964414819126,15.0
424,11740685,1125074,강동구 길동,강동구,길동,7692.0,0.1655,3674.715651,0.06713998215784361,3553.4388240000003,0.06785701256340682,3498.410586,0.07163576022191437,3684.368568,0.07171804502170101,3708.6988229999997,0.06854942100715988,9.0
